Duty Period #,Flights
1,"['ZH9988', 'MU2117', 'MU2124']"
2,"['ZH9987', 'MU2161', '9C8949/50']"
3,"['ZH9987', 'MU2159', '9C8949/50']"
4,"['ZH9979/80', 'MU5608', '9C8949/50']"
5,"['ZH9979/80', '9C8850', '9C8949/50']"
6,"['ZH9963/4', 'ZH9860']"
7,"['ZH9917', 'ZH9812']"
8,"['ZH9901', 'ZH9902']"
9,"['ZH9901', 'HU7326']"
10,"['ZH9895/6', 'HU7348', 'ZH9902']"
11,"['ZH9891', 'FM9537/8', 'ZH9902']"
12,"['ZH9889/90', 'ZH9821']"
13,"['ZH9887/8', 'HU7816', 'HU7756']"
14,"['ZH9851/2', 'ZH9802']"
15,"['ZH9841', 'HO1213/4', 'CZ6757/8']"
16,"['ZH9683/4', 'CZ3985/6', 'MU2857']"
17,"['ZH9677/8', 'HU7214']"
18,"['ZH9677/8', 'HU7122', 'HU7803']"
19,"['ZH9677/8', 'HU7122', 'HU7601', 'MU5311']"
20,"['ZH9677/8', 'HU7122', 'CA1355/6', 'HU7013']"
21,"['ZH9677/8', 'HU7122', 'CA1503/4', 'HU7214']"
22,"['ZH9677/8', 'HU7122', 'CA1409/10', 'CA4353/4']"
23,"['ZH9673/4', 'MU5433', 'MU5217']"
24,"['ZH9663/4', 'HO1213/4', 'CZ6745/6']"
25,"['ZH9617', 'HU7214']"
26,"['ZH9462', 'MU2507', 'MU5607']"
27,"['ZH9462', 'MU2507', 'HO1285']"
28,"['ZH9462', 'MU2507', '9C8877/8']"
29,"['ZH9462', 'MU2503/4', 'MU5607']"
30,"['ZH9462', 'MU2503/4', 'MU5603/4']"
31,"['ZH9462', 'MU2503/4', 'HO1285']"
32,"['ZH9462', 'MU2503/4', 'HO1115/6', 'MU5524', 'MU5607']"
33,"['ZH9462', 'MU2503/4', 'HO1115/6', 'MU5524', '9C8877/8']"
34,"['ZH9462', 'MU2503/4', '9C8933/4']"
35,"['ZH9462', 'MU2503/4', '9C8877/8']"
36,"['ZH9462', 'CA8231/2', 'ZH9627/8']"
37,"['ZH9431/2', 'MU5608', 'MU5619']"
38,"['ZH9431/2', 'CZ3984', 'MU5524', 'MU5619']"
39,"['ZH9431/2', '9C8850', 'MU5619']"
40,"['ZH9959', 'ZH9802']"
41,"['ZH9949/50', 'HU7756']"
42,"['ZH9949/50', 'CZ6399/400', 'ZH9902']"
43,"['ZH9949/50', 'CZ3973/4']"
44,"['ZH9939', 'ZH9928']"
45,"['ZH9939', 'SC4943/4', 'HU7258']"
46,"['ZH9937/8', 'HU7186', 'ZH9963/4', 'ZH9860']"
47,"['ZH9937/8', 'HU7186', 'ZH9935', 'MF8379/80']"
48,"['ZH9937/8', 'HU7186', 'ZH9935', 'MF8379/80']"
49,"['ZH9937/8', 'HU7186', 'HU7751', 'HU7752']"
50,"['ZH9937/8', 'HU7186', 'HU7057', 'HU7258']"
51,"['ZH9937/8', 'HU7186', 'HU7057', 'HU7058']"
52,"['ZH9935', 'MF8379/80']"
53,"['ZH9935', 'MF8379/80']"
54,"['ZH9929/30', 'ZH9880']"
55,"['ZH9870', 'ZH9831/2', 'CA1581/2']"
56,"['ZH9869', 'ZH9291/2', 'FM9537/8', 'ZH9902']"
57,"['ZH9867/8', 'ZH9860']"
58,"['ZH9827/8', 'MU5608', '9C8949/50']"
59,"['ZH9827/8', '9C8850', '9C8949/50']"
60,"['ZH9825/6', 'HU7258']"
61,"['ZH9825/6', 'HU7058']"
62,"['ZH9813/4', 'FM9535/6', 'ZH9902']"
63,"['ZH9718', 'ZH9865/6']"
64,"['ZH9718', 'ZH9707/8']"
65,"['ZH9716', 'ZH9715']"
66,"['ZH9570', 'MU2545/6']"
67,"['ZH9569', 'CZ3137/8', 'CA1897/8']"
68,"['ZH9567/8', 'HU7097', 'CA1409/10', 'HU7258']"
69,"['ZH9559', 'CA1897/8']"
70,"['ZH9401/2', 'MU5524', 'MU5607']"
71,"['ZH9401/2', 'MU5524', '9C8877/8']"
72,"['ZH9384', '9C8842', 'MU5619']"
73,"['ZH9383', 'ZH9830', 'ZH9881/2']"
74,"['ZH9301/2', 'HU7071']"
75,"['ZH9298', 'MU2115', 'HU7239']"
76,"['ZH9283/4', 'HU7756']"
77,"['ZH9283/4', 'CZ6399/400', 'ZH9902']"
78,"['ZH9283/4', 'CZ3973/4']"
79,"['ZH9217/8', 'ZH9660']"
80,"['ZH9166', 'HU7272', 'FM9354']"
81,"['ZH9157/8', 'CZ3379', 'MU2306']"
82,"['SC4811/2', 'HU7152', 'CA1801/2']"
83,"['SC4811/2', 'CA4141/2', 'CA1801/2']"
84,"['SC4811/2', 'CA4135/6', 'CA1801/2']"
85,"['SC4769/70', 'HU7166', 'CA1801/2']"
86,"['SC4665/6', 'SC4668']"
87,"['SC1156', 'SC1159/60']"
88,"['Y87956', 'Y87955']"
89,"['SC4948', 'HU7716', 'ZH9815/6', 'CZ3598']"
90,"['SC4947', 'CZ3593/4', 'FM9235/6']"
91,"['SC4657', 'SC4660']"
92,"['SC4655/6', 'SC4660']"
93,"['SC4655/6', 'SC4658']"
94,"['SC4653/4', 'SC4660']"
95,"['SC4653/4', 'SC4658']"
96,"['SC4652', 'SC4659']"
97,"['SC4652', 'SC4653/4', 'CZ3178', 'CZ3179/80']"
98,"['SC4652', 'SC4653/4', 'CA1571/2', 'SC4659']"
99,"['SC4651', 'SC4660']"
100,"['SC4651', 'SC4658']"
101,"['SC4651', 'SC1156', 'SC1157', 'SC4660']"
102,"['SC4651', 'SC1156', 'SC1157', 'SC4658']"
103,"['SC4651', 'CA1575/6', 'SC4657', 'SC4660']"
104,"['SC4651', 'CA1575/6', 'SC4655/6', 'SC4660']"
105,"['SC4651', 'CA1575/6', 'SC4655/6', 'SC4658']"
106,"['SC1155', 'SC1158']"
107,"['SC1152', 'SC1159/60']"
108,"['SC1152', 'SC4961/2', 'CZ3179/80']"
109,"['SC1151', 'SC1158']"
110,"['PN6203/4', 'JD5185/6']"
111,"['PN6011/2', '3U8692', 'EU2235/6', 'CZ3415/6']"
112,"['PN6011/2', '3U8692', 'CA4477/8', '3U8897']"
113,"['PN6011/2', '3U8692', 'CA4303/4', 'CZ3415/6']"
114,"['OQ2381', '3U8897']"
115,"['OQ2381', '3U8614', 'EU2235/6', 'CZ3415/6']"
116,"['OQ2381', '3U8614', 'CA4477/8', '3U8897']"
117,"['OQ2381', '3U8614', 'CA4303/4', 'CZ3415/6']"
118,"['OQ2381', '3U8604', 'EU2235/6', 'CZ3415/6']"
119,"['OQ2381', '3U8604', 'CA4477/8', '3U8897']"
120,"['OQ2381', '3U8604', 'CA4303/4', 'CZ3415/6']"
121,"['OQ2361/2', '3U8897']"
122,"['OQ2361/2', '3U8614', 'EU2235/6', 'CZ3415/6']"
123,"['OQ2361/2', '3U8614', 'CA4477/8', '3U8897']"
124,"['OQ2361/2', '3U8614', 'CA4303/4', 'CZ3415/6']"
125,"['OQ2361/2', '3U8604', 'EU2235/6', 'CZ3415/6']"
126,"['OQ2361/2', '3U8604', 'CA4477/8', '3U8897']"
127,"['OQ2361/2', '3U8604', 'CA4303/4', 'CZ3415/6']"
128,"['OQ2302', '3U8975/6', 'MU5186']"
129,"['OQ2302', '3U8973/4', 'MU5186']"
130,"['MU5987/8', '8L9962', 'MU5928']"
131,"['MU5987/8', '8L9962', '8L9965', 'MU5954']"
132,"['MU5977/8', 'MU5974']"
133,"['MU5975/6', 'MU5974']"
134,"['MU5973', 'MU5974']"
135,"['MU5893', '8L9998']"
136,"['MU5891/2', 'MU5894', 'KY8035/6', 'MU5928']"
137,"['MU5891/2', 'MU5894', '8L9908/7', 'MU5928']"
138,"['MU5891/2', '8L9998']"
139,"['MU5885', 'MU5886']"
140,"['MU5781/2', 'MF8521/2', 'MU5575/6', '8L9938']"
141,"['MU5781/2', 'MF8521/2', 'MU5575/6', '8L9938']"
142,"['MU5733', 'MU5736', 'MU5953']"
143,"['MU5727/8', 'KY8070', 'KY8035/6', 'MU5928']"
144,"['MU5727/8', 'KY8070', '8L9908/7', 'MU5928']"
145,"['MU5717', 'MU5707']"
146,"['MU5678', 'MU2423']"
147,"['MU5676', 'MU5675']"
148,"['MU5676', 'MU5587', 'MU5588', 'MU5675']"
149,"['MU5676', 'MU5563/4']"
150,"['MU5676', 'CA4504', 'CA4539/40']"
151,"['MU5665', 'MF8517/8']"
152,"['MU5665', 'MF8517/8']"
153,"['MU5665', 'MF8545/6']"
154,"['MU5665', 'MF8545/6']"
155,"['MU5663', 'MF8505/6']"
156,"['MU5663', 'MF8505/6']"
157,"['MU5661/2', 'MU2810', 'MU2887', 'CZ3589/90']"
158,"['MU5661/2', 'MU2274', 'MU5552']"
159,"['MU5660', 'MU5659']"
160,"['MU5660', 'MU5605/6', '9C8850', 'MU5659']"
161,"['MU5660', 'MU5605/6', '9C8850', '9C8857']"
162,"['MU5660', 'MU5621/2']"
163,"['MU5660', 'HO1165/6', '9C8842', 'MU5659']"
164,"['MU5660', 'HO1165/6', '9C8842', '9C8857']"
165,"['MU5660', 'HO1115/6', 'MU5524', 'MU5659']"
166,"['MU5660', 'HO1115/6', 'MU5524', '9C8857']"
167,"['MU5660', '9C8857']"
168,"['MU5655/6', '3U8855/6', '3U8735/6', 'MU5218']"
169,"['MU5608', 'MU5607']"
170,"['MU5608', 'MU5603/4']"
171,"['MU5608', 'HO1285']"
172,"['MU5608', '9C8933/4']"
173,"['MU5608', '9C8877/8']"
174,"['MU5600', 'MU5593']"
175,"['MU5588', 'MU5593']"
176,"['MU5586', 'MU5415', 'MU5416', 'MU2423']"
177,"['MU5586', 'MU2423']"
178,"['MU5583', 'MU2111', 'MU5188']"
179,"['MU5583', 'MU2157', 'HO1205/6']"
180,"['MU5583', 'MU2155', 'HO1205/6']"
181,"['MU5581', 'MU5582']"
182,"['MU5570', 'MU5669/70']"
183,"['MU5570', '9C8863/4']"
184,"['O36881', 'O36880']"
185,"['NS3233', 'NS3234']"
186,"['NS3219/20', 'MU5685/6']"
187,"['MU5941/2', 'MU5954']"
188,"['MU5941/2', '8L9953/4', 'MU5928']"
189,"['MU5939/40', 'MU5938']"
190,"['MU5939/40', 'MU5811', 'MU5893', '8L9998']"
191,"['MU5939/40', 'MU5811', 'MU5917/8', 'MU5928']"
192,"['MU5939/40', 'MU5811', 'MU5917/8', '8L9965', 'MU5954']"
193,"['MU5939/40', 'MU5811', 'KY8035/6', 'MU5928']"
194,"['MU5939/40', 'MU5811', '8L9908/7', 'MU5928']"
195,"['MU5937', 'MU5938']"
196,"['MU5917/8', 'MU5928']"
197,"['MU5917/8', '8L9965', 'MU5954']"
198,"['MU5905/6', 'MU5928']"
199,"['MU5905/6', 'MU5705/6', 'MU5893', '8L9998']"
200,"['MU5905/6', 'MU5705/6', 'KY8035/6', 'MU5928']"
201,"['MU5905/6', 'MU5705/6', '8L9908/7', 'MU5928']"
202,"['MU5905/6', '8L9965', 'MU5954']"
203,"['MU5901', 'MU5928']"
204,"['MU5901', '8L9965', 'MU5954']"
205,"['MU5894', '8L9997']"
206,"['MU5805', 'MU5953']"
207,"['MU5705/6', 'KY8013/4']"
208,"['MU5705/6', 'KY8011/2', 'CZ3665/6', 'KY8013/4']"
209,"['MU5705/6', 'KY8011/2', 'CZ3665/6', '8L9910/09']"
210,"['MU5705/6', '8L9910/09']"
211,"['MU5698', 'MU5697']"
212,"['MU5698', 'HO1165/6', '9C8842', 'MU5697']"
213,"['MU5698', 'HO1115/6', 'MU5524', 'MU5697']"
214,"['MU5690', 'MU5141']"
215,"['MU5639/40', 'CZ6507/8']"
216,"['MU5635', 'MU5636']"
217,"['MU5629', 'CZ6373/4']"
218,"['MU5620', 'MU5619']"
219,"['MU5620', 'HO1165/6', '9C8842', 'MU5619']"
220,"['MU5620', 'HO1115/6', 'MU5524', 'MU5619']"
221,"['MU5569', 'MU2274', 'MU5552']"
222,"['MU5553', 'MU5552']"
223,"['MU5553', 'MU5279', 'CA1579/80', 'MU5552']"
224,"['MU5542', 'MU5541']"
225,"['MU5532', 'MU5539']"
226,"['MU5528', 'MU5527']"
227,"['MU5524', 'MU5525']"
228,"['MU5522', 'MU5527']"
229,"['MU5522', '9C8853/4']"
230,"['MU5520', 'MU5527']"
231,"['MU5520', 'MU5521']"
232,"['MU5520', '9C8853/4']"
233,"['MU5518', 'MU5527']"
234,"['MU5518', 'MU5521']"
235,"['MU5518', 'MU5517', 'MU5528', 'MU5527']"
236,"['MU5518', '9C8853/4']"
237,"['MU5514', 'MU5527']"
238,"['MU5514', 'MU5521']"
239,"['MU5514', 'MU5517', 'MU5528', 'MU5527']"
240,"['MU5514', 'HO1125/6', 'CZ3969/70', 'MU5527']"
241,"['MU5514', '9C8853/4']"
242,"['MU5514', '9C8837/8', 'MU5570', 'MU5527']"
243,"['MU5514', '9C8837/8', 'MU5570', '9C8853/4']"
244,"['MU5512', 'MU5605/6', 'CZ6615/6']"
245,"['MU5512', 'MU5605/6', '9C8850', 'MU5525']"
246,"['MU5512', 'MU5611/2', 'MU5272']"
247,"['MU5512', 'MU5525']"
248,"['MU5512', 'MU5421/2', '3U8975/6', 'MU5525']"
249,"['MU5512', 'MU5421/2', '3U8831', 'MU5196']"
250,"['MU5512', 'HO1183/4', 'CZ6615/6']"
251,"['MU5512', 'HO1169/70', 'MU5272']"
252,"['MU5512', 'HO1167/8', 'MU5272']"
253,"['MU5512', 'HO1165/6', '9C8842', 'MU5525']"
254,"['MU5512', 'HO1105/6', 'MU5528', 'MU5527']"
255,"['MU5512', 'HO1115/6', 'MU5528', 'MU5527']"
256,"['MU5512', 'HO1115/6', 'MU5524', 'MU5525']"
257,"['MU5512', '9C8965/6', 'MU5272']"
258,"['MU5512', '9C8869/70', 'MU5272']"
259,"['MU5512', '9C8849', 'CZ6615/6']"
260,"['MU5506', 'MU5593']"
261,"['MU5506', 'MU5587', 'MU5588', 'MU5593']"
262,"['MU5506', 'MU5631/2']"
263,"['MU5439/40', 'MU5416', 'MU5153']"
264,"['MU5394', 'MU5385']"
265,"['MU5377/8', 'CZ6669/70', 'CZ6753']"
266,"['MU5319', 'MU5332']"
267,"['MU5317', 'MU5310']"
268,"['MU5316', 'ZH9892', 'ZH9817', 'HU7214']"
269,"['MU5316', 'HU7120', 'HU7013']"
270,"['MU5314', 'MU5335']"
271,"['MU5314', 'MU5329']"
272,"['MU5314', 'MU5273']"
273,"['MU5313', 'MU5332']"
274,"['MU5313', 'MU5320']"
275,"['MU5305', 'MU5308']"
276,"['MU5303', 'MU5310']"
277,"['MU5302', 'MU5311']"
278,"['MU5302', 'FM9547/8', 'CA4353/4']"
279,"['MU5301', 'MU5310']"
280,"['MU5297', 'MU5300']"
281,"['MU5295', 'MU5300']"
282,"['MU5293/4', 'MU5300']"
283,"['MU5293/4', 'HU7601', 'MU5143']"
284,"['MU5293/4', 'HU7601', 'HU7376']"
285,"['MU5291', 'MU5300']"
286,"['MU5291', 'MU5296', 'MU5297', 'MU5300']"
287,"['MU5291', 'MU5296', 'MU5144', 'MU5143']"
288,"['MU5291', 'HU7601', 'MU5143']"
289,"['MU5291', 'HU7601', 'HU7376']"
290,"['MU5291', 'HU7635', 'HU7388']"
291,"['MU5291', 'HU7237', 'MU2115', 'MU5300']"
292,"['MU5291', 'HU7237', 'FM9282/1', 'MU5300']"
293,"['MU5291', 'CA1623/4', 'FM9122', 'MU5300']"
294,"['MU5291', 'CA1833/4', 'MF8535/6', 'MU5143']"
295,"['MU5291', 'CA1833/4', 'MF8535/6', 'MU5143']"
296,"['MU5291', 'CA1645/6', 'CA1658', 'MU5300']"
297,"['MU5291', 'CA1373/4', 'HU7388']"
298,"['MU5291', 'CA1223/4', 'MU2115', 'MU5300']"
299,"['MU5291', 'CA1209/10', 'MU2115', 'MU5300']"
300,"['MU5291', 'CA1209/10', 'FM9282/1', 'MU5300']"
301,"['MU5291', 'CA1475/6', 'CZ3139/40', 'MU5300']"
302,"['MU5291', 'CA1349/50', 'HU7636', 'MU5300']"
303,"['MU5291', 'CA1349/50', 'HU7388']"
304,"['MU5245', 'MU5246']"
305,"['MU5235/6', 'OQ2317/8', 'MU5218']"
306,"['MU5183', 'MU5186']"
307,"['MU5183', 'MU5275', 'MU2123']"
308,"['MU5183', 'HO1165/6', '9C8842', 'MU5186']"
309,"['MU5183', 'HO1115/6', 'MU5524', 'MU5186']"
310,"['MU5173/4', 'MU5188']"
311,"['MU5129', 'MU5130']"
312,"['MU5119', 'MU5162']"
313,"['MU5118', 'MU5125']"
314,"['MU5118', 'MU5199']"
315,"['MU5117', 'MU5126']"
316,"['MU5117', 'MU5162']"
317,"['MU5116', 'MU5125']"
318,"['MU5116', 'MU5123']"
319,"['MU5116', 'MU5199']"
320,"['MU5115', 'MU5126']"
321,"['MU5115', 'MU5124']"
322,"['MU5115', 'MU5162']"
323,"['MU5114', 'MU5125']"
324,"['MU5114', 'MU5123']"
325,"['MU5114', 'MU5121']"
326,"['MU5114', 'MU5199']"
327,"['MU5113', 'MU5126']"
328,"['MU5113', 'MU5124']"
329,"['MU5113', 'MU5122']"
330,"['MU5113', 'MU5162']"
331,"['MU5112', 'MU5125']"
332,"['MU5112', 'MU5123']"
333,"['MU5112', 'MU5121']"
334,"['MU5112', 'MU5199']"
335,"['MU5111', 'MU5126']"
336,"['MU5111', 'MU5124']"
337,"['MU5111', 'MU5122']"
338,"['MU5111', 'MU5120']"
339,"['MU5111', 'MU5162']"
340,"['MU5489/90', 'ZH9157/8', 'CZ3379', 'MU5218']"
341,"['MU5489/90', 'ZH9103/4']"
342,"['MU5489/90', 'MU2347/8', '3U8735/6', 'MU5218']"
343,"['MU5489/90', 'MU2281', 'MU5261/2', 'CZ3365/6']"
344,"['MU5489/90', '3U8802', '3U8735/6', 'MU5218']"
345,"['MU5486', 'HU7297']"
346,"['MU5485', 'HU7198']"
347,"['MU5479/80', 'ZH9157/8', 'CZ3969/70', 'MU5527']"
348,"['MU5479/80', 'MU2167', 'MU5525']"
349,"['MU5479/80', 'MU2111', 'MU5196']"
350,"['MU5479/80', 'MU2111', 'MU5194']"
351,"['MU5479/80', 'MU2111', 'CZ6204', 'MU5272']"
352,"['MU5479/80', 'MU2161', 'MU5525']"
353,"['MU5479/80', 'MU2159', 'MU5525']"
354,"['MU5479/80', 'MU2157', 'MU5525']"
355,"['MU5479/80', 'MU2157', 'HO1167/8', 'MU5272']"
356,"['MU5479/80', 'MU2155', 'MU5525']"
357,"['MU5479/80', 'MU2155', 'HO1167/8', 'MU5272']"
358,"['MU5479/80', 'MU2155', 'HO1105/6', 'MU5528', 'MU5527']"
359,"['MU5479/80', 'MU2155', 'HO1115/6', 'MU5528', 'MU5527']"
360,"['MU5479/80', 'MU2155', 'HO1115/6', 'MU5524', 'MU5525']"
361,"['MU5479/80', 'MU2155', '9C8869/70', 'MU5272']"
362,"['MU5478', 'MU5361/2', 'HU7388']"
363,"['MU5478', 'MU5143']"
364,"['MU5478', 'HU7376']"
365,"['MU5468', 'MU5605/6', '9C8850', 'MU5467']"
366,"['MU5468', 'MU5467']"
367,"['MU5468', 'MU5421/2', '3U8975/6', 'MU5467']"
368,"['MU5468', 'HO1165/6', '9C8842', 'MU5467']"
369,"['MU5468', 'HO1115/6', 'MU5524', 'MU5467']"
370,"['MU5466', 'MU5587', 'MU5588', 'MU5465']"
371,"['MU5466', 'MU5465']"
372,"['MU5421/2', 'OQ2331/2', 'CZ6753']"
373,"['MU5420', 'MU5427']"
374,"['MU5416', 'MU5413']"
375,"['MU5402', 'HU7120', 'HU7085']"
376,"['MU5401', 'MU5410']"
377,"['MU5357/8', 'CZ3141/2', 'MU5148']"
378,"['MU5357/8', 'CZ3141/2', 'CA1995/6']"
379,"['MU5342', 'MU5605/6', '9C8850', 'MU5341']"
380,"['MU5342', 'MU5341']"
381,"['MU5342', 'HO1165/6', '9C8842', 'MU5341']"
382,"['MU5342', 'HO1115/6', 'MU5524', 'MU5341']"
383,"['MU5342', 'CZ6799/800', 'MU2726']"
384,"['MU5342', 'CZ6799/800', 'CA1754', 'MU2966']"
385,"['MU5330', 'MU5273']"
386,"['MU5328', 'MU5335']"
387,"['MU5328', 'MU5273']"
388,"['MU5327', 'MU5332']"
389,"['MU5327', 'MU5320']"
390,"['MU5326', 'MU5335']"
391,"['MU5326', 'MU5273']"
392,"['MU5325', 'MU5332']"
393,"['MU5325', 'MU5320']"
394,"['MU5324', 'MU5335']"
395,"['MU5324', 'MU5329']"
396,"['MU5324', 'MU5273']"
397,"['MU5323', 'MU5332']"
398,"['MU5323', 'MU5320']"
399,"['MU5274', 'MU5335']"
400,"['MU5274', 'MU5329']"
401,"['MU5274', 'MU5273']"
402,"['MU5219/20', 'CZ6989/90', 'ZH9103/4']"
403,"['MU5219/20', 'CZ3365/6']"
404,"['MU5215/6', 'MU5218']"
405,"['MU5212', 'MU5217']"
406,"['MU5211', 'ZH9575', 'ZH9551', 'MU5218']"
407,"['MU5211', 'MU5218']"
408,"['MU5211', 'MU2302', 'ZH9103/4']"
409,"['MU5195', 'MU5196']"
410,"['MU5195', 'MU5194']"
411,"['MU5195', 'MU2412/7', 'MU2415/6', 'MU5196']"
412,"['MU5195', 'CZ6204', 'MU5272']"
413,"['MU5195', 'CA1704', 'MU5271', 'MU5528', 'MU5527']"
414,"['MU5164', 'MU5573/4']"
415,"['MU5154', 'MU5415', 'MU5416', 'MU5153']"
416,"['MU5154', 'MU5153']"
417,"['MU5147', 'MU5148']"
418,"['MU5147', 'CA1995/6']"
419,"['MU5144', 'MU5143']"
420,"['MU5140', 'MU5125']"
421,"['MU5140', 'MU5123']"
422,"['MU5140', 'MU5199']"
423,"['MU5109', 'MU5126']"
424,"['MU5109', 'MU5124']"
425,"['MU5109', 'MU5122']"
426,"['MU5109', 'MU5120']"
427,"['MU5109', 'MU5162']"
428,"['MU5107', 'MU5126']"
429,"['MU5107', 'MU5124']"
430,"['MU5107', 'MU5122']"
431,"['MU5107', 'MU5120']"
432,"['MU5107', 'MU5162']"
433,"['MU5106', 'MU5125']"
434,"['MU5106', 'MU5123']"
435,"['MU5106', 'MU5121']"
436,"['MU5106', 'MU5199']"
437,"['MU5105', 'MU5126']"
438,"['MU5105', 'MU5124']"
439,"['MU5105', 'MU5122']"
440,"['MU5105', 'MU5120']"
441,"['MU5105', 'MU5162']"
442,"['MU5104', 'MU5125']"
443,"['MU5104', 'MU5123']"
444,"['MU5104', 'MU5121']"
445,"['MU5104', 'MU5199']"
446,"['MU5103', 'MU5126']"
447,"['MU5103', 'MU5124']"
448,"['MU5103', 'MU5122']"
449,"['MU5103', 'MU5120']"
450,"['MU5103', 'MU5112', 'MU5119', 'MU5162']"
451,"['MU5103', 'MU5162']"
452,"['MU3202', 'MU3201']"
453,"['MU3194', 'GS6551/2']"
454,"['MU3126', 'MU2485/6']"
455,"['MU2907/8', 'ZH9552']"
456,"['MU2891', 'MU2892']"
457,"['MU2886', 'MU2865/6']"
458,"['MU2836', 'MU2887', '3U8788']"
459,"['MU2836', 'MU2845']"
460,"['MU2835', 'OQ2317/8', 'MU2858']"
461,"['MU2835', '3U8831', 'MU2842']"
462,"['MU2831', 'MU2852']"
463,"['MU2821', 'MU2852']"
464,"['MU2821', 'MU2832']"
465,"['MU2801', 'MU2852']"
466,"['MU2801', 'MU2832']"
467,"['MU2739', 'MU2740']"
468,"['MU2709', 'MU5394', '9C8931/2', 'MU2858']"
469,"['MU2706', 'CZ3467/8']"
470,"['MU2705', 'CZ3379', 'MU2858']"
471,"['MU2702', 'MU5524', 'MU5619']"
472,"['MU2701', 'MU5522', '9C8931/2', 'MU2858']"
473,"['MU2701', 'MU5520', '9C8931/2', 'MU2858']"
474,"['MU2701', 'MU5518', '9C8931/2', 'MU2858']"
475,"['MU2491/2', 'MU2508']"
476,"['MU2471', 'MU2476']"
477,"['MU2471', 'HU7848', 'MU2548']"
478,"['MU2471', 'CZ3888', 'CZ3857/8', 'MU2476']"
479,"['MU2471', 'CZ3888', 'CZ3581/2', 'MU2476']"
480,"['MU2467', 'MU2468']"
481,"['MU2467', 'HU7890', 'MU2459']"
482,"['MU2467', 'HU7080', 'HU7381']"
483,"['MU2881', 'MU2892']"
484,"['MU2875/6', 'MU2347/8', '3U8735/6', 'MU2858']"
485,"['MU2867', 'MU2888']"
486,"['MU2812', 'MU2851']"
487,"['MU2811', 'MU2852']"
488,"['MU2811', 'MU2832']"
489,"['MU2810', 'MU2829/30']"
490,"['MU2808', 'MU2857']"
491,"['MU2807', 'ZH9575', 'ZH9551', 'MU2858']"
492,"['MU2807', 'MU2858']"
493,"['MU2805', '3U8993/4']"
494,"['MU2802', 'MU2851']"
495,"['MU2769', 'ZH9157/8', 'CZ3379', 'MU2858']"
496,"['MU2769', 'MU2347/8', '3U8735/6', 'MU2858']"
497,"['MU2769', 'MU2111', 'MU2842']"
498,"['MU2769', '3U8802', '3U8735/6', 'MU2858']"
499,"['MU2755', 'MU5261/2', 'MU2888']"
500,"['MU2755', 'MU5255/6', 'MU2858']"
501,"['MU2517', '8L9960']"
502,"['MU2507', 'HO1117/8']"
503,"['MU2503/4', 'HO1117/8']"
504,"['MU2502', 'MU2511']"
505,"['MU2502', 'CZ3543']"
506,"['MU2451', 'SC1156', 'SC1157', 'MU2456']"
507,"['MU2451', 'MU2456']"
508,"['MU2451', 'MU2454']"
509,"['MU2451', 'CA1575/6', 'SC4655/6', 'MU2456']"
510,"['MU2424', 'MU2423']"
511,"['MU2398', 'MU2507', 'HO1107/8']"
512,"['MU2377/8', '3U8835/6', 'MU2263/4', 'PN6001/2']"
513,"['MU2377/8', '3U8638', 'PN6001/2']"
514,"['MU2377/8', '3U8614', 'EU2713']"
515,"['MU2377/8', '3U8614', 'EU2235/6', 'CZ3215/6']"
516,"['MU2377/8', '3U8614', 'CA4527/8', 'JD5104']"
517,"['MU2377/8', '3U8614', 'CA4201/2']"
518,"['MU2377/8', '3U8614', '3U8703/4', 'CZ3433/4', 'EU2713']"
519,"['MU2377/8', '3U8604', 'EU2713']"
520,"['MU2377/8', '3U8604', 'EU2235/6', 'CZ3215/6']"
521,"['MU2377/8', '3U8604', 'CA4527/8', 'JD5104']"
522,"['MU2377/8', '3U8604', 'CA4201/2']"
523,"['MU2377/8', '3U8604', '3U8703/4', 'CZ3433/4', 'EU2713']"
524,"['MU2351/2', 'MU2354']"
525,"['MU2341/2', 'MU5408', 'MU2168']"
526,"['MU2341/2', '3U8733/4', 'MU2306']"
527,"['MU2330', 'MU2167', '9C8805/6']"
528,"['MU2330', 'MU2315']"
529,"['MU2329', 'MU2330', 'MU2886', 'MU2865/6']"
530,"['MU2329', 'MU2330', 'MU2117', 'MU2120']"
531,"['MU2325/6', 'ZH9881/2']"
532,"['MU2325/6', 'CZ3557/8', 'MU2168']"
533,"['MU2325/6', 'CZ3557/8', 'MU2162']"
534,"['MU2325/6', 'CZ3189/90', 'MU2120']"
535,"['MU2263/4', 'PN6001/2']"
536,"['MU2262', 'MU2886', 'MU2845']"
537,"['MU2261', 'OQ2331/2', 'CZ6319/20']"
538,"['MU2261', 'OQ2317/8', 'MU2306']"
539,"['MU2261', 'MU2836', 'MU2887', 'ZH9881/2']"
540,"['MU2261', 'MU2836', 'MU2855/6', 'MU2268']"
541,"['MU2261', 'MU2836', 'MU2841', 'MU2120']"
542,"['MU2261', 'MU2836', 'MU2865/6']"
543,"['MU2261', 'MU2268']"
544,"['MU2261', 'HO1246', 'MU2168']"
545,"['MU2261', 'HO1246', 'MU2162']"
546,"['MU2261', '3U8973/4', 'MU2168']"
547,"['MU2261', '3U8973/4', 'MU2162']"
548,"['MU2261', '3U8831', 'MU2120']"
549,"['MU2112', 'HU7338']"
550,"['MU2111', 'MU2120']"
551,"['MU2111', 'MU2118']"
552,"['MU2111', '3U8832', 'MU2268']"
553,"['MU2106', 'MU2886', 'MU2861']"
554,"['MU2106', 'MU2167', 'MU5186']"
555,"['MU2105', 'CA1211/2']"
556,"['MU2105', 'CA1205/6']"
557,"['MU2103', 'MU2120']"
558,"['MU2103', 'MU2118']"
559,"['MU2103', '3U8832', 'MU2268']"
560,"['MU2101', 'MU2412/7', 'MU2415/6', 'MU2120']"
561,"['MU2101', 'MU2120']"
562,"['MU2101', 'MU2118']"
563,"['MU2101', '3U8832', 'MU2268']"
564,"['MU2100', 'ZH9301/2', 'HU7381']"
565,"['MU2100', 'CN7194']"
566,"['MU2099', 'HU7182', 'HU7071']"
567,"['MU2099', 'CA1833/4', 'MF8581/2']"
568,"['MU2099', 'CA1833/4', 'MF8581/2']"
569,"['MU2099', 'CA1815/6', 'MF8581/2']"
570,"['MU2099', 'CA1815/6', 'MF8581/2']"
571,"['MU2099', 'CA1645/6', 'CA1658', 'CA1581/2']"
572,"['MU2099', 'CA1581/2']"
573,"['MU2099', 'CA1349/50', 'HU7636', 'CA1581/2']"
574,"['MU2091', 'ZH9301/2', 'HU7381']"
575,"['MU2091', 'CN7194']"
576,"['MU2036', '8L9997']"
577,"['MU2035', 'MU5707']"
578,"['MF8525/6', 'MF8343/4', 'ZH9743/4']"
579,"['MF8525/6', 'MF8343/4', 'ZH9743/4']"
580,"['MF8515/6', 'HU7097', 'CA1259/60']"
581,"['MF8515/6', 'HU7097', 'CA1259/60']"
582,"['MF8507/8', 'ZH9718', 'ZH9743/4']"
583,"['MF8507/8', 'HU7122', 'CA1801/2']"
584,"['MF8473/4', 'CA4141/2', 'HU7155']"
585,"['MF8461/2', 'CZ3541/2']"
586,"['MF8461/2', 'CZ3541/2']"
587,"['MF8437/8', 'HU7166', 'MU2068']"
588,"['MF8437/8', 'HU7166', 'CA1821/2']"
589,"['MF8437/8', 'HU7166', 'MU2068']"
590,"['MF8437/8', 'HU7166', 'CA1821/2']"
591,"['MU2313', 'CA4206', 'EU2713']"
592,"['MU2313', 'CA4206', 'EU2235/6', 'CZ3215/6']"
593,"['MU2313', 'CA4206', 'CA4527/8', 'JD5104']"
594,"['MU2313', 'CA4206', 'CA4201/2']"
595,"['MU2303/4', 'CZ3869/70', 'MU2270']"
596,"['MU2303/4', 'CZ3869/70', 'CA1745', 'EU2713']"
597,"['MU2303/4', 'CZ3417/8', 'EU2713']"
598,"['MU2303/4', 'CZ3417/8', 'CA4201/2']"
599,"['MU2303/4', 'CZ3413/4', 'EU2713']"
600,"['MU2303/4', 'CZ3413/4', 'CA4201/2']"
601,"['MU2303/4', 'CZ3501/2', 'MU2270']"
602,"['MU2303/4', 'CZ3483/4', 'EU2713']"
603,"['MU2303/4', 'CZ3215/6']"
604,"['MU2301', 'MU2111', 'MU2124']"
605,"['MU2301', 'MU2159', 'CA1905/6']"
606,"['MU2301', 'MU2157', 'CA1905/6']"
607,"['MU2301', 'MU2155', 'CA1905/6']"
608,"['MU2301', 'MU2117', 'MU2124']"
609,"['MU2291/2', 'MU5457/8', 'MU2120']"
610,"['MU2291/2', 'MU5457/8', 'MU2118']"
611,"['MU2291/2', 'MU5215/6', 'MU2306']"
612,"['MU2291/2', 'CA1707/8', 'MU2120']"
613,"['MU2291/2', 'CA1707/8', 'MU2118']"
614,"['MU2291/2', 'CA1705/6', 'MU2120']"
615,"['MU2291/2', 'CA1705/6', 'MU2118']"
616,"['MU2281', 'MU5261/2', 'ZH9881/2']"
617,"['MU2161', 'MU2168']"
618,"['MU2161', 'MU2162']"
619,"['MU2159', 'MU2168']"
620,"['MU2159', 'MU2162']"
621,"['MU2157', 'MU2168']"
622,"['MU2157', 'MU2162']"
623,"['MU2155', 'MU2168']"
624,"['MU2155', 'MU2162']"
625,"['MU2151', 'MU5425/6', 'MU2268']"
626,"['MU2151', 'MU2168']"
627,"['MU2151', 'MU2162']"
628,"['MU2151', '9C8867/8', 'MU2268']"
629,"['MU2125', 'MU5817', 'MU2168']"
630,"['MU2122', 'ZH9988', 'MU2167', 'MU5186']"
631,"['MU2122', 'MU5276', 'MU5186']"
632,"['MU2122', 'MU2123']"
633,"['MU2121', 'MU2412/7', 'MU2415/6', 'MU2124']"
634,"['MU2121', 'MU2124']"
635,"['MU2117', 'MU2120']"
636,"['MU2115', 'CA1205/6']"
637,"['MU2067', 'MU2112', 'HU7629']"
638,"['MU2067', 'MU2068']"
639,"['MU2067', 'MF8172']"
640,"['MU2067', 'MF8172']"
641,"['MU2067', 'CA1623/4', 'FM9122', 'CA1821/2']"
642,"['MU2067', 'CA1821/2']"
643,"['MU2067', 'CA1645/6', 'CA1658', 'MU2068']"
644,"['MU2067', 'CA1645/6', 'CA1658', 'CA1821/2']"
645,"['MU2067', 'CA1223/4', 'HU7629']"
646,"['MU2067', 'CA1201/2', 'HU7629']"
647,"['MU2067', 'CA1475/6', 'CZ3139/40', 'CA1821/2']"
648,"['MU2067', 'CA1349/50', 'HU7636', 'MU2068']"
649,"['MU2067', 'CA1349/50', 'HU7636', 'CA1821/2']"
650,"['MF8573/4', 'FM9317', 'MF8326']"
651,"['MF8573/4', 'FM9317', 'MF8326']"
652,"['MF8573/4', 'FM9103', 'MF8120']"
653,"['MF8573/4', 'FM9103', 'MF8120']"
654,"['MF8573/4', 'FM9317', 'MF8326']"
655,"['MF8573/4', 'FM9317', 'MF8326']"
656,"['MF8573/4', 'FM9103', 'MF8120']"
657,"['MF8573/4', 'FM9103', 'MF8120']"
658,"['MF8525/6', 'MF8343/4', 'ZH9743/4']"
659,"['MF8525/6', 'MF8343/4', 'ZH9743/4']"
660,"['MF8507/8', 'ZH9718', 'ZH9743/4']"
661,"['MF8507/8', 'HU7122', 'CA1801/2']"
662,"['MF8504', 'HU7636', 'CA1801/2']"
663,"['MF8504', 'HU7186', 'ZH9947/8', 'CZ3355/6', 'ZH9743/4']"
664,"['MF8504', 'HU7186', 'ZH9947/8', 'CZ3139/40', 'CA1801/2']"
665,"['MF8504', 'HU7186', 'ZH9831/2', 'CA1801/2']"
666,"['MF8504', 'HU7186', 'ZH9743/4']"
667,"['MF8504', 'HU7636', 'CA1801/2']"
668,"['MF8504', 'HU7186', 'ZH9947/8', 'CZ3355/6', 'ZH9743/4']"
669,"['MF8504', 'HU7186', 'ZH9947/8', 'CZ3139/40', 'CA1801/2']"
670,"['MF8504', 'HU7186', 'ZH9831/2', 'CA1801/2']"
671,"['MF8504', 'HU7186', 'ZH9743/4']"
672,"['MF8501/2', 'FM9307', 'FM9348']"
673,"['MF8501/2', 'FM9307', 'FM9348']"
674,"['MF8473/4', 'CA4141/2', 'HU7155']"
675,"['MF8405/6', 'HU7166', 'CA1801/2']"
676,"['MF8405/6', 'HU7166', 'CA1801/2']"
677,"['MF8382', 'MF8385/6', 'CZ3346', 'CZ3347']"
678,"['MF8382', 'MF8385/6', 'CZ3346', 'CZ3347']"
679,"['MF8382', 'MF8345/6', 'CZ3347']"
680,"['MF8382', 'MF8345/6', 'CZ3347']"
681,"['MF8382', 'MF8385/6', 'CZ3346', 'CZ3347']"
682,"['MF8382', 'MF8385/6', 'CZ3346', 'CZ3347']"
683,"['MF8382', 'MF8345/6', 'CZ3347']"
684,"['MF8382', 'MF8345/6', 'CZ3347']"
685,"['MF8343/4', 'ZH9753/4']"
686,"['MF8343/4', 'ZH9753/4']"
687,"['MF8165/6', 'MU2068']"
688,"['MF8165/6', 'MF8172']"
689,"['MF8165/6', 'MF8172']"
690,"['MF8165/6', 'CA1821/2']"
691,"['MF8165/6', 'CA1201/2', 'HU7629']"
692,"['MF8165/6', 'MU2068']"
693,"['MF8165/6', 'MF8172']"
694,"['MF8165/6', 'MF8172']"
695,"['MF8165/6', 'CA1821/2']"
696,"['MF8165/6', 'CA1201/2', 'HU7629']"
697,"['MF8149/50', 'MU5295', 'HU7155']"
698,"['MF8149/50', 'MU5293/4', 'HU7155']"
699,"['MF8149/50', 'MU5293/4', 'HU7177']"
700,"['MF8149/50', 'MU5293/4', 'CA1547/8']"
701,"['MF8149/50', 'MU5295', 'HU7155']"
702,"['MF8149/50', 'MU5293/4', 'HU7155']"
703,"['MF8149/50', 'MU5293/4', 'HU7177']"
704,"['MF8149/50', 'MU5293/4', 'CA1547/8']"
705,"['MF8139/40', 'MU5666', 'HU7208']"
706,"['MF8139/40', 'MF8509/10', 'HU7208']"
707,"['MF8139/40', 'MF8509/10', 'HU7208']"
708,"['MF8139/40', 'MU5666', 'HU7208']"
709,"['MF8139/40', 'MF8509/10', 'HU7208']"
710,"['MF8139/40', 'MF8509/10', 'HU7208']"
711,"['MF8137/8', 'CZ3139/40', 'CA1821/2']"
712,"['MF8137/8', 'CZ3137/8', 'MU2068']"
713,"['MF8137/8', 'CZ3137/8', 'MF8172']"
714,"['MF8137/8', 'CZ3137/8', 'MF8172']"
715,"['MF8137/8', 'CZ3137/8', 'CA1821/2']"
716,"['MF8137/8', 'CZ3139/40', 'CA1821/2']"
717,"['MF8137/8', 'CZ3137/8', 'MU2068']"
718,"['MF8137/8', 'CZ3137/8', 'MF8172']"
719,"['MF8137/8', 'CZ3137/8', 'MF8172']"
720,"['MF8137/8', 'CZ3137/8', 'CA1821/2']"
721,"['MF8107/8', 'MF8120']"
722,"['MF8107/8', 'MF8120']"
723,"['MF8107/8', 'MF8120']"
724,"['MF8107/8', 'MF8120']"
725,"['MF8092', 'MF8085/6']"
726,"['MF8092', 'MF8125/6', 'MF8309/10', 'MF8085/6']"
727,"['MF8092', 'MF8125/6', 'MF8309/10', 'MF8085/6']"
728,"['MF8092', 'MF8125/6', 'MF8309/10', 'MF8081/2']"
729,"['MF8092', 'MF8125/6', 'MF8309/10', 'MF8081/2']"
730,"['MF8092', 'MF8125/6', 'MF8309/10', 'MF8085/6']"
731,"['MF8092', 'MF8125/6', 'MF8309/10', 'MF8085/6']"
732,"['MF8092', 'MF8125/6', 'MF8309/10', 'MF8081/2']"
733,"['MF8092', 'MF8125/6', 'MF8309/10', 'MF8081/2']"
734,"['MF8092', 'MF8125/6', 'MF8309/10', 'MF8085/6']"
735,"['MF8092', 'MF8125/6', 'MF8309/10', 'MF8085/6']"
736,"['MF8092', 'MF8125/6', 'MF8309/10', 'MF8081/2']"
737,"['MF8092', 'MF8125/6', 'MF8309/10', 'MF8081/2']"
738,"['MF8092', 'MF8125/6', 'MF8309/10', 'MF8085/6']"
739,"['MF8092', 'MF8125/6', 'MF8309/10', 'MF8085/6']"
740,"['MF8092', 'MF8125/6', 'MF8309/10', 'MF8081/2']"
741,"['MF8092', 'MF8125/6', 'MF8309/10', 'MF8081/2']"
742,"['MF8092', 'MF8085/6']"
743,"['MF8092', 'MF8081/2']"
744,"['MF8092', 'MF8081/2']"
745,"['MF8092', 'MF8085/6']"
746,"['MF8092', 'MF8125/6', 'MF8309/10', 'MF8085/6']"
747,"['MF8092', 'MF8125/6', 'MF8309/10', 'MF8085/6']"
748,"['MF8092', 'MF8125/6', 'MF8309/10', 'MF8081/2']"
749,"['MF8092', 'MF8125/6', 'MF8309/10', 'MF8081/2']"
750,"['MF8092', 'MF8125/6', 'MF8309/10', 'MF8085/6']"
751,"['MF8092', 'MF8125/6', 'MF8309/10', 'MF8085/6']"
752,"['MF8092', 'MF8125/6', 'MF8309/10', 'MF8081/2']"
753,"['MF8092', 'MF8125/6', 'MF8309/10', 'MF8081/2']"
754,"['MF8092', 'MF8125/6', 'MF8309/10', 'MF8085/6']"
755,"['MF8092', 'MF8125/6', 'MF8309/10', 'MF8085/6']"
756,"['MF8092', 'MF8125/6', 'MF8309/10', 'MF8081/2']"
757,"['MF8092', 'MF8125/6', 'MF8309/10', 'MF8081/2']"
758,"['MF8092', 'MF8125/6', 'MF8309/10', 'MF8085/6']"
759,"['MF8092', 'MF8125/6', 'MF8309/10', 'MF8085/6']"
760,"['MF8092', 'MF8125/6', 'MF8309/10', 'MF8081/2']"
761,"['MF8092', 'MF8125/6', 'MF8309/10', 'MF8081/2']"
762,"['MF8092', 'MF8085/6']"
763,"['MF8092', 'MF8081/2']"
764,"['MF8092', 'MF8081/2']"
765,"['MF8091', 'MF8313/4', 'MF8315/6', 'ZH9743/4']"
766,"['MF8091', 'MF8313/4', 'MF8315/6', 'ZH9743/4']"
767,"['MF8091', 'MF8313/4', 'MF8315/6', 'ZH9743/4']"
768,"['MF8091', 'MF8313/4', 'MF8315/6', 'ZH9743/4']"
769,"['MF8091', 'MF8313/4', 'MF8315/6', 'ZH9743/4']"
770,"['MF8091', 'MF8313/4', 'MF8315/6', 'ZH9743/4']"
771,"['MF8091', 'MF8313/4', 'MF8315/6', 'ZH9743/4']"
772,"['MF8091', 'MF8313/4', 'MF8315/6', 'ZH9743/4']"
773,"['MF8045/6', 'CA1658', 'HU7155']"
774,"['MF8045/6', 'CA1658', 'HU7155']"
775,"['MF8035/6', 'MU5485', 'CA1801/2']"
776,"['MF8035/6', 'HU7097', 'CA1801/2']"
777,"['MF8035/6', 'MU5485', 'CA1801/2']"
778,"['MF8035/6', 'HU7097', 'CA1801/2']"
779,"['KY8007/8', 'MU5954']"
780,"['KY8007/8', '8L9953/4', 'MU5928']"
781,"['MF8375/6', 'MF8315/6', 'ZH9753/4']"
782,"['MF8375/6', 'MF8315/6', 'ZH9753/4']"
783,"['MF8375/6', 'MF8315/6', 'ZH9753/4']"
784,"['MF8375/6', 'MF8315/6', 'ZH9753/4']"
785,"['MF8361/2', 'CZ3971/2', 'FM9354']"
786,"['MF8361/2', 'CZ3177', 'HU7155']"
787,"['MF8361/2', 'CZ3971/2', 'FM9354']"
788,"['MF8361/2', 'CZ3177', 'HU7155']"
789,"['MF8315/6', 'ZH9743/4']"
790,"['MF8315/6', 'ZH9743/4']"
791,"['MF8313/4', 'MF8085/6']"
792,"['MF8313/4', 'MF8085/6']"
793,"['MF8313/4', 'MF8081/2']"
794,"['MF8313/4', 'MF8081/2']"
795,"['MF8313/4', 'MF8085/6']"
796,"['MF8313/4', 'MF8085/6']"
797,"['MF8313/4', 'MF8081/2']"
798,"['MF8313/4', 'MF8081/2']"
799,"['MF8305/6', 'FM9348']"
800,"['MF8305/6', 'FM9348']"
801,"['MF8231/2', 'ZH9940', 'ZH9753/4']"
802,"['MF8231/2', 'HU7716', 'ZH9753/4']"
803,"['MF8231/2', 'ZH9940', 'ZH9753/4']"
804,"['MF8231/2', 'HU7716', 'ZH9753/4']"
805,"['MF8125/6', 'MF8343/4', 'ZH9743/4']"
806,"['MF8125/6', 'MF8343/4', 'ZH9743/4']"
807,"['MF8125/6', 'MF8343/4', 'ZH9743/4']"
808,"['MF8125/6', 'MF8343/4', 'ZH9743/4']"
809,"['MF8115/6', 'MF8120']"
810,"['MF8115/6', 'MF8120']"
811,"['MF8115/6', 'MF8120']"
812,"['MF8115/6', 'MF8120']"
813,"['MF8073/4', 'ZH9940', 'ZH9743/4']"
814,"['MF8073/4', 'HU7716', 'ZH9743/4']"
815,"['MF8073/4', 'ZH9940', 'ZH9743/4']"
816,"['MF8073/4', 'HU7716', 'ZH9743/4']"
817,"['MF8061/2', 'HU7122', 'MU2068']"
818,"['MF8061/2', 'HU7122', 'MF8172']"
819,"['MF8061/2', 'HU7122', 'MF8172']"
820,"['MF8061/2', 'HU7122', 'CA1821/2']"
821,"['MF8061/2', 'HU7122', 'MU2068']"
822,"['MF8061/2', 'HU7122', 'MF8172']"
823,"['MF8061/2', 'HU7122', 'MF8172']"
824,"['MF8061/2', 'HU7122', 'CA1821/2']"
825,"['KY8072', 'MU5721', 'CA4345/6']"
826,"['KY8070', 'MU5725/6']"
827,"['KY8035/6', 'MU5928']"
828,"['JD5601', 'MU5471', 'PN6017/8']"
829,"['JD5191/2', 'JD5315/6', 'CZ6749/50']"
830,"['JD5191/2', 'CZ3259/60']"
831,"['JD5191/2', 'CZ3235/6', 'CZ3501/2', 'CA1723/4']"
832,"['JD5177/8', 'EU2207/8']"
833,"['HU7861', 'MF8251/2']"
834,"['HU7861', 'MF8251/2']"
835,"['HU7859', 'MU2105', 'HU7239']"
836,"['HU7859', 'MU2105', 'CA1233/4']"
837,"['HU7859', 'MU2115', 'HU7239']"
838,"['HU7859', 'HU7138', 'HU7239']"
839,"['HU7859', 'HU7138', 'CA1233/4']"
840,"['HU7859', 'FM9282/1', 'HU7239']"
841,"['HU7859', 'FM9282/1', 'CA1233/4']"
842,"['HU7834', 'HU7833']"
843,"['JD5299/300', 'MU5339/40']"
844,"['JD5175/6', 'CZ3204', 'CZ3417/8', 'EU2207/8']"
845,"['JD5171/2', 'PN6203/4', 'CZ6749/50']"
846,"['JD5169/70', 'EU2739', 'CZ6749/50']"
847,"['JD5169/70', 'CA1723/4']"
848,"['JD5161/2', '3U8857/8', 'CZ6859/60', 'CZ3259/60']"
849,"['JD5161/2', '3U8857/8', 'CZ6855/6', 'JD5160']"
850,"['HU7889', 'CZ3579/80', 'HU7846']"
851,"['HU7889', 'CZ3139/40', 'CA1205/6']"
852,"['HU7889', 'CZ3137/8', 'CA1211/2']"
853,"['HU7889', 'CZ3137/8', 'CA1205/6']"
854,"['HU7871/2', 'ZH9963/4', 'MF8251/2']"
855,"['HU7871/2', 'ZH9963/4', 'MF8251/2']"
856,"['HU7871/2', 'ZH9947/8', 'CZ3139/40', 'CA1205/6']"
857,"['HU7871/2', 'ZH9831/2', 'CA1205/6']"
858,"['HU7871/2', 'FM9374', 'HU7846']"
859,"['HU7807/8', 'HU7846']"
860,"['HU7807/8', 'FM9149/50', 'FM9221/2']"
861,"['HU7804', 'MU5486', 'HU7070']"
862,"['HU7804', 'HU7803']"
863,"['HU7804', 'HU7601', 'MU5311']"
864,"['HU7804', 'HU7161', 'CA4353/4']"
865,"['HU7804', 'HU7098', 'HU7070']"
866,"['HU7804', 'HU7121', 'HU7214']"
867,"['HU7804', 'CA1541/2', 'HU7070']"
868,"['HU7804', 'CA1355/6', 'HU7013']"
869,"['HU7804', 'CA1503/4', 'HU7214']"
870,"['HU7804', 'CA1411/2', 'CA4353/4']"
871,"['HU7804', 'CA1409/10', 'CA4353/4']"
872,"['HU7787', 'MU5666', 'MU5311']"
873,"['HU7787', 'MF8509/10', 'MU5311']"
874,"['HU7787', 'MF8509/10', 'MU5311']"
875,"['HU7787', 'MF8535/6', 'MU5311']"
876,"['HU7787', 'MF8535/6', 'MU5311']"
877,"['HU7787', 'MF8529/30', 'MU5311']"
878,"['HU7787', 'MF8529/30', 'MU5311']"
879,"['HU7787', 'MF8067/8', 'HU7214']"
880,"['HU7787', 'MF8067/8', 'HU7214']"
881,"['HU7787', 'FM9254', 'MU5311']"
882,"['HU7787', 'FM9254', 'FM9547/8', 'CA4353/4']"
883,"['HU7787', 'FM9254', 'FM9129', 'CA1395/6']"
884,"['HU7771', 'MF8157/8', 'MF8147/8']"
885,"['HU7771', 'MF8157/8', 'MF8147/8']"
886,"['HU7771', 'MF8157/8', 'HU7136']"
887,"['HU7771', 'MF8157/8', 'MF8147/8']"
888,"['HU7771', 'MF8157/8', 'MF8147/8']"
889,"['HU7771', 'MF8157/8', 'HU7136']"
890,"['HU7771', 'MF8169/70']"
891,"['HU7771', 'MF8169/70']"
892,"['HU7771', 'MF8067/8', 'ZH9213', 'HU7142']"
893,"['HU7771', 'MF8067/8', 'ZH9213', 'HU7142']"
894,"['HU7771', 'HU7772']"
895,"['HU7770', 'HU7739']"
896,"['HU7769', 'HU7634']"
897,"['HU7753', 'HU7756']"
898,"['HU7753', 'CZ6399/400', 'ZH9902']"
899,"['HU7753', 'CZ3973/4']"
900,"['HU7751', 'HU7752']"
901,"['HU7748', 'HU7739']"
902,"['HU7747', 'HU7634']"
903,"['HU7709', 'MF8441/2', 'HU7752']"
904,"['HU7709', 'MF8441/2', 'HU7752']"
905,"['HU7709', 'FM9254', 'FM9547/8', 'HU7258']"
906,"['HU7709', 'FM9254', 'FM9535/6', 'ZH9902']"
907,"['HU7709', 'FM9254', 'FM9329/30', 'HU7756']"
908,"['HU7709', 'FM9254', 'FM9329/30', 'CZ3973/4']"
909,"['HU7709', 'FM9254', 'FM9129', 'MF8379/80']"
910,"['HU7709', 'FM9254', 'FM9129', 'MF8379/80']"
911,"['HU7703', 'HU7702']"
912,"['HU7693/4', 'CZ3177', 'CA1801/2']"
913,"['HU7687', 'FM9282/1', 'MU5298', 'HU7063']"
914,"['HU7687', 'FM9282/1', 'MU2312']"
915,"['HU7687', 'FM9282/1', 'CA1699']"
916,"['HU7604', 'MU2112', 'FM9204']"
917,"['HU7604', 'HU7603']"
918,"['HU7604', 'CA1815/6', 'MF8517/8']"
919,"['HU7604', 'CA1815/6', 'MF8517/8']"
920,"['HU7604', 'CA1225', 'FM9204']"
921,"['HU7604', 'CA1201/2', 'FM9204']"
922,"['HU7362', 'FM9354']"
923,"['HU7279', 'HU7180']"
924,"['HU7269', 'HU7070']"
925,"['HU7251', 'MU2468']"
926,"['HU7251', 'HU7890', 'MU2459']"
927,"['HU7251', 'HU7080', 'HU7381']"
928,"['HU7245', 'HU7146']"
929,"['HU7245', 'CZ6037/8', 'CA4139/40']"
930,"['HU7212', 'MU2112', 'HU7849']"
931,"['HU7212', 'HU7211']"
932,"['HU7212', 'HU7111']"
933,"['HU7212', 'CA1811/2', 'CA1955/6']"
934,"['HU7212', 'CA1223/4', 'HU7849']"
935,"['HU7212', 'CA1201/2', 'HU7849']"
936,"['HU7206', 'CA1527/8']"
937,"['HU7205', 'HU7208']"
938,"['HU7203', 'FM9374', 'FM9069']"
939,"['HU7165', 'HU7112']"
940,"['HU7161', 'CA4139/40']"
941,"['HU7152', 'CN7193', 'MF8495/6']"
942,"['HU7152', 'CN7193', 'MF8495/6']"
943,"['HU7113/4', 'HU7214']"
944,"['HU7098', 'HU7297']"
945,"['HU7097', 'HU7198']"
946,"['HU7097', 'CA1853/4']"
947,"['HU7715', 'ZH9928']"
948,"['HU7715', 'SC4943/4', 'HU7258']"
949,"['HU7636', 'CA1259/60']"
950,"['HU7635', 'MF8147/8']"
951,"['HU7635', 'MF8147/8']"
952,"['HU7635', 'HU7136']"
953,"['HU7633', 'HU7634']"
954,"['HU7382', 'HU7381']"
955,"['HU7382', 'HU7081']"
956,"['HU7382', 'HU7079', 'MU2468']"
957,"['HU7379', 'HU7380']"
958,"['HU7379', 'CZ3888', 'CZ3581/2', 'HU7380']"
959,"['HU7327', 'HU7752']"
960,"['HU7325', 'ZH9963/4', 'MF8177/8']"
961,"['HU7325', 'ZH9963/4', 'MF8177/8']"
962,"['HU7325', 'ZH9859', 'MF8177/8']"
963,"['HU7325', 'ZH9859', 'MF8177/8']"
964,"['HU7325', 'ZH9947/8', 'CZ3139/40', 'MU5300']"
965,"['HU7325', 'ZH9831/2', 'MU5300']"
966,"['HU7325', 'HU7729', 'CZ3139/40', 'MU5300']"
967,"['HU7309', 'CZ3825/6', 'MF8341/2']"
968,"['HU7309', 'CZ3825/6', 'MF8341/2']"
969,"['HU7298', 'HU7297']"
970,"['HU7294', 'CZ6773/4', 'MU2476']"
971,"['HU7294', 'CZ6765/6', 'MU2516']"
972,"['HU7237', 'HU7860', 'MU2077/8']"
973,"['HU7237', 'HU7855', 'HU7142']"
974,"['HU7237', 'HU7338']"
975,"['HU7237', 'FM9282/1', 'CA1667/8', 'MU2311']"
976,"['HU7235/6', 'HU7310', 'HU7013']"
977,"['HU7235/6', 'CZ3593/4', 'MU5311']"
978,"['HU7235/6', 'CZ3177', 'HU7803']"
979,"['HU7231', 'ZH9978', 'MF8147/8']"
980,"['HU7231', 'ZH9978', 'MF8147/8']"
981,"['HU7231', 'ZH9978', 'HU7136']"
982,"['HU7231', 'HU7232']"
983,"['HU7182', 'HU7381']"
984,"['HU7181', 'ZH9592', 'CZ3307/8', 'HU7004']"
985,"['HU7181', 'MU5296', 'HU7387', 'BK2855/6']"
986,"['HU7181', 'MU5486', 'HU7270', 'HU7012']"
987,"['HU7181', 'MU5486', 'HU7270', 'HU7004']"
988,"['HU7181', 'HU7801', 'HU7012']"
989,"['HU7181', 'HU7801', 'HU7004']"
990,"['HU7181', 'HU7135', 'BK2855/6']"
991,"['HU7181', 'HU7082']"
992,"['HU7181', 'CN7157', 'CZ3307/8', 'HU7004']"
993,"['HU7181', 'CA1541/2', 'HU7270', 'HU7012']"
994,"['HU7181', 'CA1541/2', 'HU7270', 'HU7004']"
995,"['HU7181', 'CA1375/6', 'CZ3307/8', 'HU7004']"
996,"['HU7181', 'CA1373/4', 'BK2855/6']"
997,"['HU7181', 'CA1363/4', 'BK2855/6']"
998,"['HU7169', 'HU7070']"
999,"['HU7166', 'HU7211']"
1000,"['HU7138', 'CA1211/2']"
1001,"['HU7138', 'CA1205/6']"
1002,"['HU7137', 'HU7860', 'MU2077/8']"
1003,"['HU7137', 'HU7855', 'HU7142']"
1004,"['HU7137', 'HU7338']"
1005,"['HU7137', 'FM9282/1', 'CA1667/8', 'MU2311']"
1006,"['HU7122', 'MU5298', 'MF8136']"
1007,"['HU7122', 'MU5298', 'MF8136']"
1008,"['HU7119', 'HU7320']"
1009,"['HU7119', 'FM9531/2']"
1010,"['HU7087', 'ZH9570', 'MU2481/2']"
1011,"['HU7086', 'HU7085']"
1012,"['HU7064', 'MU5295', 'MU2312']"
1013,"['HU7064', 'MU5295', 'CA1699']"
1014,"['HU7064', 'MU5293/4', 'MU5298', 'HU7063']"
1015,"['HU7064', 'MU5293/4', 'MU2312']"
1016,"['HU7064', 'MU5293/4', 'CA1699']"
1017,"['HU7064', 'HU7063']"
1018,"['HU7057', 'HU7258']"
1019,"['HU7057', 'HU7058']"
1020,"['HU7047', 'MF8157/8', 'BK2855/6']"
1021,"['HU7047', 'MF8157/8', 'BK2855/6']"
1022,"['HU7047', 'FM9254', 'MU5361/2', 'BK2855/6']"
1023,"['HU7041', 'ZH9651/2']"
1024,"['HU7041', 'HU7022']"
1025,"['HU7041', 'FM9350']"
1026,"['HO1189/90', '9C8834']"
1027,"['HO1111/2', 'CZ3589/90']"
1028,"['GS7576', 'GS7455/6']"
1029,"['GS7495/6', 'GS7588']"
1030,"['GS7485/6', 'GS7588']"
1031,"['FM9541/2', 'CA4117/8', 'FM9110']"
1032,"['FM9541/2', 'CA4109/10', 'FM9110']"
1033,"['FM9541/2', 'CA4109/10', 'FM9106']"
1034,"['FM9541/2', 'CA4105/6', 'FM9110']"
1035,"['FM9541/2', 'CA4105/6', 'FM9106']"
1036,"['FM9541/2', 'CA4301/2', 'FM9322']"
1037,"['FM9470', 'FM9469']"
1038,"['HU7019', 'ZH9963/4', 'FM9351', 'HU7012']"
1039,"['HU7019', 'ZH9963/4', 'FM9351', 'HU7004']"
1040,"['HU7019', 'ZH9947/8', 'MU2481/2']"
1041,"['HU7019', 'HU7729', 'MU2481/2']"
1042,"['HU7019', 'FM9374', 'HU7320']"
1043,"['HU7019', 'FM9374', 'FM9531/2']"
1044,"['HU7015', 'ZH9963/4', 'FM9351', 'HU7012']"
1045,"['HU7015', 'ZH9963/4', 'FM9351', 'HU7004']"
1046,"['HU7015', 'ZH9947/8', 'MU2481/2']"
1047,"['HU7015', 'HU7745', 'HU7690', 'MF8341/2']"
1048,"['HU7015', 'HU7745', 'HU7690', 'MF8341/2']"
1049,"['HU7015', 'HU7729', 'MU2481/2']"
1050,"['HU7015', 'HU7717', 'HU7270', 'HU7012']"
1051,"['HU7015', 'HU7717', 'HU7270', 'HU7004']"
1052,"['HU7015', 'FM9374', 'HU7320']"
1053,"['HU7015', 'FM9374', 'FM9531/2']"
1054,"['HU7008', 'HU7013']"
1055,"['HU7007', 'HU7012']"
1056,"['HU7007', 'HU7004']"
1057,"['HU7005', 'HU7012']"
1058,"['HU7005', 'HU7004']"
1059,"['HU7003', 'HU7012']"
1060,"['HU7003', 'HU7004']"
1061,"['HO1123/4', 'CZ3985/6', 'MU2887', 'CZ3589/90']"
1062,"['HO1119/20', 'CA4207/8', 'MU2353']"
1063,"['GS7512', 'GS7511']"
1064,"['GS6555/6', 'GS7588']"
1065,"['FM9453/4', 'MU5783/4', 'MF8505/6']"
1066,"['FM9453/4', 'MU5783/4', 'MF8505/6']"
1067,"['FM9453/4', 'MU5815']"
1068,"['FM9426', 'FM9431']"
1069,"['FM9425', 'FM9432']"
1070,"['FM9424', 'FM9431']"
1071,"['FM9423', 'FM9432']"
1072,"['FM9411', 'FM9412']"
1073,"['FM9408', 'FM9407']"
1074,"['FM9400', 'CZ3233/4']"
1075,"['FM9400', 'CN7216', 'HU7803']"
1076,"['FM9375', 'FM9384']"
1077,"['FM9333', 'CN7216', 'HU7603']"
1078,"['FM9329/30', 'CZ6231/2', 'MF8517/8']"
1079,"['FM9329/30', 'CZ6231/2', 'MF8517/8']"
1080,"['FM9328', 'ZH9892', 'ZH9815/6', 'CZ3598']"
1081,"['FM9328', 'MU2502', 'CZ3139/40', 'CA1497/8']"
1082,"['FM9328', 'FM9327']"
1083,"['FM9328', 'FM9207/8', 'MU2115', 'CA1497/8']"
1084,"['FM9328', 'FM9173/4', 'FM9122', 'CA1497/8']"
1085,"['FM9317', 'FM9322']"
1086,"['FM9313', 'FM9316']"
1087,"['FM9309', 'FM9316']"
1088,"['FM9309', 'FM9312']"
1089,"['FM9308', 'FM9321']"
1090,"['FM9307', 'FM9322']"
1091,"['FM9305', 'FM9322']"
1092,"['FM9304', 'FM9321']"
1093,"['FM9302', 'FM9321']"
1094,"['FM9301', 'FM9322']"
1095,"['FM9301', 'FM9304', 'FM9317', 'FM9322']"
1096,"['FM9213/4', 'HU7851', 'FM9204']"
1097,"['FM9207/8', 'FM9206']"
1098,"['FM9205', 'FM9206']"
1099,"['FM9205', 'FM9282/1', 'CA1587/8', 'SC4891/2']"
1100,"['FM9203', 'FM9206']"
1101,"['FM9201', 'FM9204']"
1102,"['FM9201', 'FM9282/1', 'HU7603']"
1103,"['FM9134', 'HU7208']"
1104,"['FM9133', 'CA1527/8']"
1105,"['FM9131/2', 'FM9068', 'FM9317', 'FM9322']"
1106,"['FM9129', 'CA1527/8']"
1107,"['FM9122', 'CA1639/40']"
1108,"['EU2235/6', 'CZ3377/8']"
1109,"['FM9373', 'FM9382']"
1110,"['FM9371', 'FM9382']"
1111,"['FM9363/4', 'MU2511']"
1112,"['FM9363/4', 'CZ3543']"
1113,"['FM9361/2', 'MU2511']"
1114,"['FM9361/2', 'CZ3543']"
1115,"['FM9361/2', 'CZ3137/8', 'CA1587/8', 'SC4891/2']"
1116,"['FM9361/2', 'CZ3137/8', 'CA1235/6', 'FM9206']"
1117,"['FM9358', 'HU7214']"
1118,"['FM9358', 'HU7122', 'HU7803']"
1119,"['FM9358', 'HU7122', 'HU7601', 'MU5311']"
1120,"['FM9358', 'HU7122', 'CA1355/6', 'HU7013']"
1121,"['FM9358', 'HU7122', 'CA1503/4', 'HU7214']"
1122,"['FM9358', 'HU7122', 'CA1409/10', 'CA4353/4']"
1123,"['FM9357', 'HU7213']"
1124,"['FM9356', 'HU7214']"
1125,"['FM9286', 'ZH9978', 'MF8147/8']"
1126,"['FM9286', 'ZH9978', 'MF8147/8']"
1127,"['FM9286', 'ZH9978', 'HU7136']"
1128,"['FM9286', 'HU7232']"
1129,"['FM9282/1', 'CA1211/2']"
1130,"['FM9282/1', 'CA1205/6']"
1131,"['FM9253', 'MF8517/8']"
1132,"['FM9253', 'MF8517/8']"
1133,"['FM9253', 'MF8441/2', 'HU7856', 'FM9204']"
1134,"['FM9253', 'MF8441/2', 'HU7856', 'FM9204']"
1135,"['FM9253', 'MF8545/6']"
1136,"['FM9253', 'MF8545/6']"
1137,"['FM9253', 'HU7852', 'FM9204']"
1138,"['FM9191/2', 'HU7816', 'CZ3947/8']"
1139,"['FM9163/4', 'MU5654']"
1140,"['FM9152/1', 'FM9153']"
1141,"['FM9108', 'FM9109']"
1142,"['FM9108', 'FM9107']"
1143,"['FM9103', 'FM9110']"
1144,"['FM9103', 'FM9106']"
1145,"['EU2217/8', 'ZH9835/6', 'MU2343/4']"
1146,"['CZ6778', 'HU7009']"
1147,"['CZ6778', 'CZ6787/8']"
1148,"['CZ6778', 'CZ6783/4']"
1149,"['CZ6778', 'CZ6793/4']"
1150,"['CZ6589/90', 'CZ3347']"
1151,"['CZ6375/6', 'HU7829']"
1152,"['CZ6885/6', 'CZ6811/2']"
1153,"['CZ6885/6', 'CZ6809/10']"
1154,"['CZ6885/6', 'CZ6807/8']"
1155,"['CZ6885/6', 'CZ6801/2']"
1156,"['CZ6878', 'CZ6621/2']"
1157,"['CZ6878', 'CZ6617/8']"
1158,"['CZ6878', 'CZ6613/4']"
1159,"['CZ6747/8', 'CZ3417/8', 'EU2207/8']"
1160,"['CZ6747/8', 'CZ3413/4', 'EU2207/8']"
1161,"['CZ6738', 'CZ6745/6']"
1162,"['CZ6737', 'ZH9105', 'MU2509/10', 'HO1127/8']"
1163,"['CZ6737', 'ZH9105', 'MU2507', '9C8801/2']"
1164,"['CZ6737', 'MU5212', 'MU5373']"
1165,"['CZ6737', '3U8793/4', '3U8973/4', '9C8801/2']"
1166,"['CZ6731/2', 'ZH9105', 'MU2509/10', 'HO1127/8']"
1167,"['CZ6731/2', 'ZH9105', 'MU2507', '9C8801/2']"
1168,"['CZ6731/2', 'MU5212', 'MU5373']"
1169,"['CZ6731/2', '3U8793/4', '3U8973/4', '9C8801/2']"
1170,"['CZ6667', 'CZ6741/2', 'CZ3380', 'CZ3943/4']"
1171,"['CZ6657/8', 'ZH9384', '9C8842', 'MU5186']"
1172,"['CZ6657/8', 'MU2702', 'MU5524', 'MU5186']"
1173,"['CZ6651/2', 'MU2518', '8L9960']"
1174,"['CZ6541/2', 'MU5697']"
1175,"['CZ6409/10', 'MU5408', 'MU5607']"
1176,"['CZ6409/10', 'MU5408', '9C8877/8']"
1177,"['CZ6269/70', 'MU2167', 'MU5619']"
1178,"['CZ6269/70', 'MU2309/10']"
1179,"['CZ6269/70', 'MU2161', 'MU5619']"
1180,"['CZ6269/70', 'MU2159', 'MU5619']"
1181,"['CZ6126', 'CZ6533/4', 'CA4504', '3U8891/2']"
1182,"['CZ3949/50', 'PN6203/4', 'CZ6749/50']"
1183,"['CZ3895/6', 'CZ3269/70']"
1184,"['CZ3893/4', 'CZ3888', 'CZ3857/8', 'CZ3269/70']"
1185,"['CZ3893/4', 'CZ3888', 'CZ3581/2', 'CZ3269/70']"
1186,"['CZ3893/4', 'CZ3269/70']"
1187,"['CZ3891/2', 'CZ3888', 'CZ3857/8', 'CZ3269/70']"
1188,"['CZ3891/2', 'CZ3888', 'CZ3581/2', 'CZ3269/70']"
1189,"['CZ3891/2', 'CZ3269/70']"
1190,"['CZ3887', 'CZ3269/70']"
1191,"['CZ3883/4', 'CZ3885/6']"
1192,"['CZ3824', 'MU2511']"
1193,"['CZ3824', 'CZ3543']"
1194,"['CZ3824', 'CZ3137/8', 'CA1587/8', 'SC4891/2']"
1195,"['CZ3824', 'CZ3137/8', 'CA1235/6', 'FM9206']"
1196,"['CZ3783/4', 'CZ3423/4']"
1197,"['CZ6261/2', '9C8842', 'MU5619']"
1198,"['CZ3984', 'MU5524', 'MU5607']"
1199,"['CZ3984', 'MU5524', '9C8877/8']"
1200,"['CZ3983', 'CZ3985/6', 'MU2895/6', 'MU2321']"
1201,"['CZ3983', 'CZ3937/8', 'MU5524', '9C8967/8']"
1202,"['CZ3937/8', 'MU5524', 'MU5341']"
1203,"['CZ3869/70', 'CA1723/4']"
1204,"['CZ3857/8', 'CZ3269/70']"
1205,"['CZ3849/50', 'ZH9166', 'HU7272', 'CZ3367/8']"
1206,"['CZ3849/50', 'MF8031/2', 'HU7730']"
1207,"['CZ3849/50', 'MF8031/2', 'HU7730']"
1208,"['CZ3849/50', 'HU7862', 'MU2115', 'CA1341/2']"
1209,"['CZ3849/50', 'HU7862', 'HU7837', 'CZ3367/8']"
1210,"['CZ3849/50', 'HU7362', 'CZ3367/8']"
1211,"['CZ3849/50', 'FM9351', 'CZ3367/8']"
1212,"['CZ3847', 'MU2511']"
1213,"['CZ3847', 'CZ3543']"
1214,"['CZ3847', 'CZ3137/8', 'CA1587/8', 'SC4891/2']"
1215,"['CZ3847', 'CZ3137/8', 'CA1235/6', 'FM9206']"
1216,"['CZ3814', 'CZ3817/8']"
1217,"['CZ3803/4', 'EU2739', 'CZ6749/50']"
1218,"['CZ3803/4', 'CA1723/4']"
1219,"['CZ3795/6', 'CZ3885/6']"
1220,"['CZ3727/8', 'CZ3885/6']"
1221,"['CZ3709/10', 'MU2167', 'MU5341']"
1222,"['CZ3709/10', 'MU2161', 'MU5341']"
1223,"['CZ3709/10', 'MU2159', 'MU5341']"
1224,"['CZ3709/10', 'MU2157', 'MU5341']"
1225,"['CZ3631/2', 'HU7722', 'HU7270', 'CZ3367/8']"
1226,"['CZ3601', 'CZ6315']"
1227,"['CZ3593/4', 'CZ3598']"
1228,"['CZ3592', 'CZ6231/2', 'MF8517/8']"
1229,"['CZ3592', 'CZ6231/2', 'MF8517/8']"
1230,"['CZ3592', 'CZ3177', 'HU7603']"
1231,"['CZ3587/8', 'HO1151/2']"
1232,"['CZ3581/2', 'CZ3269/70']"
1233,"['CZ3471/2', 'CZ6472']"
1234,"['CZ3409/10', 'CA1752', 'CA1723/4']"
1235,"['CZ3403/4', '3U8857/8', 'CZ6859/60', 'CZ3259/60']"
1236,"['CZ3403/4', '3U8857/8', 'CZ6855/6', 'JD5160']"
1237,"['CZ3389/90', 'CZ3455/6', '3U8975/6', 'MU5341']"
1238,"['CZ3389/90', 'CZ3557/8', 'MU5341']"
1239,"['CZ3389/90', 'CZ3435/6', 'ZH7021/2']"
1240,"['CZ3389/90', 'CZ3435/6', 'MU2966']"
1241,"['CZ3346', 'CZ3347']"
1242,"['CZ3571/2', 'MU2502', 'CZ3139/40', 'CA1341/2']"
1243,"['CZ3571/2', 'FM9207/8', 'MU2115', 'CA1341/2']"
1244,"['CZ3557/8', '9C8949/50']"
1245,"['CZ3553/4', 'MU5113', 'CA1383/4']"
1246,"['CZ3553/4', 'MU5111', 'CA1383/4']"
1247,"['CZ3501/2', 'CA1723/4']"
1248,"['CZ3447/8', 'MU5448/7', '8L9960']"
1249,"['CZ3437/8', 'CZ3579/80', 'FM9469']"
1250,"['CZ3437/8', 'CZ3355/6', 'ZH9915/6']"
1251,"['CZ3437/8', 'CZ3137/8', 'CN7193', 'MF8495/6']"
1252,"['CZ3437/8', 'CZ3137/8', 'CN7193', 'MF8495/6']"
1253,"['CZ3427/8', 'MU2845']"
1254,"['CZ3353', 'EU2719/20', 'CZ6749/50']"
1255,"['CZ3351/2', 'EU2719/20', 'CZ6749/50']"
1256,"['CZ3309/10', 'CZ3885/6']"
1257,"['CZ3296', 'ZH9227/8', 'HU7214']"
1258,"['CZ3239', 'ZH9963/4', 'HU7814', 'HU7829']"
1259,"['CZ3239', 'ZH9935', 'BK2819/20']"
1260,"['CZ3181/2', 'MU2851']"
1261,"['CZ3178', 'CZ3179/80']"
1262,"['CZ3177', 'CA1497/8']"
1263,"['CZ3174', 'HU7310', 'HU7381']"
1264,"['CZ3174', 'HU7310', 'HU7081']"
1265,"['CZ3174', 'HU7310', 'HU7079', 'MU2468']"
1266,"['CZ3174', 'CZ3971/2', 'HU7802']"
1267,"['CZ3174', 'CZ3971/2', 'HU7169', 'HU7297']"
1268,"['CZ3174', 'CZ3177', 'CA1667/8', 'MU2311']"
1269,"['CZ3174', 'CZ3175/6']"
1270,"['CZ3159/60', 'CA1383/4']"
1271,"['CZ3117/8', 'MU5296', 'MU5297', 'CA1341/2']"
1272,"['CZ3117/8', 'MU5486', 'HU7270', 'CZ3367/8']"
1273,"['CZ3117/8', 'HU7801', 'CZ3367/8']"
1274,"['CZ3117/8', 'CA1623/4', 'FM9122', 'CA1341/2']"
1275,"['CZ3117/8', 'CA1645/6', 'HU7730']"
1276,"['CZ3117/8', 'CA1645/6', 'CA1658', 'CA1341/2']"
1277,"['CZ3117/8', 'CA1541/2', 'HU7270', 'CZ3367/8']"
1278,"['CZ3117/8', 'CA1223/4', 'MU2115', 'CA1341/2']"
1279,"['CZ3117/8', 'CA1475/6', 'CZ3139/40', 'CA1341/2']"
1280,"['CZ3117/8', 'CA1349/50', 'HU7636', 'CA1341/2']"
1281,"['CZ3117/8', 'CA1341/2']"
1282,"['CZ3115/6', 'MU5296', 'MU5144', 'CZ3598']"
1283,"['CZ3115/6', 'HU7601', 'CZ3598']"
1284,"['CZ3115/6', 'CA1623/4', 'FM9122', 'CA1497/8']"
1285,"['CZ3115/6', 'CA1833/4', 'MF8535/6', 'CZ3598']"
1286,"['CZ3115/6', 'CA1833/4', 'MF8535/6', 'CZ3598']"
1287,"['CZ3115/6', 'CA1645/6', 'CA1658', 'CA1497/8']"
1288,"['CZ3115/6', 'CA1223/4', 'MU2115', 'CA1497/8']"
1289,"['CZ3115/6', 'CA1497/8']"
1290,"['CZ3115/6', 'CA1475/6', 'CZ3139/40', 'CA1497/8']"
1291,"['CZ3115/6', 'CA1349/50', 'HU7636', 'CA1497/8']"
1292,"['CA8233/4', 'CZ3557/8', 'HO1117/8']"
1293,"['CZ3204', 'CZ3417/8', 'EU2713']"
1294,"['CZ3204', 'CZ3417/8', 'CA4201/2']"
1295,"['CZ3204', 'CZ3501/2', 'MU2270']"
1296,"['CZ3204', 'CZ3483/4', 'EU2713']"
1297,"['CZ3204', 'CZ3215/6']"
1298,"['CZ3151/2', 'CA1383/4']"
1299,"['CZ3139/40', 'CA1341/2']"
1300,"['CZ3137/8', 'CA1341/2']"
1301,"['CN7215', 'CZ3265/6', 'MF8025/6', 'MU2311']"
1302,"['CN7215', 'CZ3265/6', 'MF8025/6', 'MU2311']"
1303,"['CN7215', 'CZ3247/8', 'HU7112']"
1304,"['CN7184', 'MU5298', 'HU7063']"
1305,"['CN7184', 'MU5296', 'HU7063']"
1306,"['CN7184', 'MU2312']"
1307,"['CN7184', 'HU7237', 'FM9282/1', 'MU5298', 'HU7063']"
1308,"['CN7184', 'HU7237', 'FM9282/1', 'MU2312']"
1309,"['CN7184', 'HU7237', 'FM9282/1', 'CA1699']"
1310,"['CN7184', 'CA1699']"
1311,"['CN7184', 'CA1623/4', 'FM9122', 'CA1699']"
1312,"['CN7184', 'CA1645/6', 'CA1658', 'MU2312']"
1313,"['CN7184', 'CA1645/6', 'CA1658', 'CA1699']"
1314,"['CN7184', 'CA1209/10', 'FM9282/1', 'MU5298', 'HU7063']"
1315,"['CN7184', 'CA1209/10', 'FM9282/1', 'MU2312']"
1316,"['CN7184', 'CA1209/10', 'FM9282/1', 'CA1699']"
1317,"['CN7184', 'CA1475/6', 'CZ3139/40', 'CA1699']"
1318,"['CN7184', 'CA1349/50', 'HU7636', 'MU2312']"
1319,"['CN7184', 'CA1349/50', 'HU7636', 'CA1699']"
1320,"['CN7130', 'CA1621/2']"
1321,"['CN7130', 'CA1611/2']"
1322,"['CN7130', 'CA1639/40']"
1323,"['CN7127', 'CN7130', 'CA1815/6', 'MF8169/70']"
1324,"['CN7127', 'CN7130', 'CA1815/6', 'MF8169/70']"
1325,"['CN7127', 'CN7130', 'CA1815/6', 'HU7772']"
1326,"['CN7127', 'CN7130', 'CA1667/8', 'MU2311']"
1327,"['CN7127', 'CN7130', 'CA1435/6', 'CA4139/40']"
1328,"['CN7127', 'CN7130', 'CA1225', 'HU7338']"
1329,"['CN7127', 'CN7130', 'CA1221/2', 'HU7232']"
1330,"['CN7127', 'CN7130', 'CA1409/10', 'CA4139/40']"
1331,"['CN7127', 'CN7130', 'CA1263/4', 'SC1195/6']"
1332,"['CA4519/20', 'CA1721/2', 'CZ3377/8']"
1333,"['CA4519/20', 'CA1725/6', 'CZ3377/8']"
1334,"['CA4491/2', '3U8835/6', 'MU2343/4']"
1335,"['CA4491/2', '3U8614', 'EU2235/6', 'CZ3377/8']"
1336,"['CA4491/2', '3U8614', '3U8887/8', 'CA4120']"
1337,"['CA4491/2', '3U8604', 'EU2235/6', 'CZ3377/8']"
1338,"['CA4491/2', '3U8604', '3U8887/8', 'CA4120']"
1339,"['CA4481/2', '3U8835/6', 'MU2343/4']"
1340,"['CA4481/2', '3U8614', 'EU2235/6', 'CZ3377/8']"
1341,"['CA4481/2', '3U8614', '3U8887/8', 'CA4120']"
1342,"['CA4481/2', '3U8604', 'EU2235/6', 'CZ3377/8']"
1343,"['CA4481/2', '3U8604', '3U8887/8', 'CA4120']"
1344,"['CA4349/50', 'CA4342']"
1345,"['CA4343/4', 'ZH9963/4', 'MF8415/6']"
1346,"['CA4343/4', 'ZH9963/4', 'MF8415/6']"
1347,"['CA4343/4', 'ZH9915/6']"
1348,"['CA4343/4', 'ZH9947/8', 'CZ3355/6', 'ZH9915/6']"
1349,"['CA4343/4', 'HU7729', 'CZ3355/6', 'ZH9915/6']"
1350,"['CA4343/4', 'FM9374', 'FM9469']"
1351,"['CA4185/6', 'CZ6105/6', 'CA4120']"
1352,"['CA1969/70', 'MU5694']"
1353,"['CA1889/90', 'ZH9507/8', 'HU7751', 'HU7142']"
1354,"['CA1889/90', 'ZH9507/8', 'HU7257', 'CA4139/40']"
1355,"['CA1889/90', 'ZH9545/6', 'CA4139/40']"
1356,"['CA1847/8', 'ZH9213', 'HU7142']"
1357,"['CA1785/6', 'MU2269']"
1358,"['CA1775/6', 'ZH9157/8', 'CZ3379', 'MU5218']"
1359,"['CA1775/6', 'ZH9103/4']"
1360,"['CA1775/6', 'MU2347/8', '3U8735/6', 'MU5218']"
1361,"['CA1775/6', 'MU2281', 'MU5261/2', 'CZ3365/6']"
1362,"['CA1775/6', '3U8802', '3U8735/6', 'MU5218']"
1363,"['CA1721/2', 'CZ3819/20']"
1364,"['CA1721/2', 'CZ3801/2']"
1365,"['CA1719/20', 'CZ3819/20']"
1366,"['CA1719/20', 'CZ3801/2']"
1367,"['CA1719/20', 'CZ3413/4', 'CA4485/6', '3U8907']"
1368,"['CA1719/20', 'CZ3413/4', 'CA1746']"
1369,"['CA1719/20', 'CZ3217/8', 'MU2269']"
1370,"['CA1719/20', 'CZ3211/2', 'MU2269']"
1371,"['CA1704', 'MU5573/4']"
1372,"['CA1610', 'CA1629/30']"
1373,"['CA1610', 'CA1661/2']"
1374,"['CA1610', 'CA1647/8']"
1375,"['CA1607/8', 'MU2311']"
1376,"['CA1605/6', 'MU2311']"
1377,"['CA1605/6', 'HU7816', 'CZ3175/6']"
1378,"['CA1605/6', 'HU7718', 'HU7297']"
1379,"['CA1603/4', 'CN7130', 'CA1815/6', 'MF8169/70']"
1380,"['CA1603/4', 'CN7130', 'CA1815/6', 'MF8169/70']"
1381,"['CA1603/4', 'CN7130', 'CA1815/6', 'HU7772']"
1382,"['CA1603/4', 'CN7130', 'CA1667/8', 'MU2311']"
1383,"['CA1603/4', 'CN7130', 'CA1435/6', 'CA4139/40']"
1384,"['CA1603/4', 'CN7130', 'CA1225', 'HU7338']"
1385,"['CA1603/4', 'CN7130', 'CA1221/2', 'HU7232']"
1386,"['CA1603/4', 'CN7130', 'CA1409/10', 'CA4139/40']"
1387,"['CA1603/4', 'CN7130', 'CA1263/4', 'SC1195/6']"
1388,"['CA1601', 'HU7048', 'MF8169/70']"
1389,"['CA1601', 'HU7048', 'MF8169/70']"
1390,"['CA1601', 'HU7048', 'HU7772']"
1391,"['CA1596', 'CA1565']"
1392,"['CA4319/20', 'CA4342']"
1393,"['CA4305/6', 'CZ3377/8']"
1394,"['CA4305/6', 'CZ3211/2', 'MU2343/4']"
1395,"['CA4141/2', 'CN7193', 'MF8495/6']"
1396,"['CA4141/2', 'CN7193', 'MF8495/6']"
1397,"['CA4137/8', 'MU5716', 'MU5793']"
1398,"['CA4137/8', 'MU5716', 'MU5829']"
1399,"['CA1947/8', 'MU5410']"
1400,"['CA1933/4', 'HU7636', 'HU7175']"
1401,"['CA1927/8', 'HU7636', 'HU7175']"
1402,"['CA1913/4', 'HU7281', 'HU7175']"
1403,"['CA1837/8', 'MU5308']"
1404,"['CA1833/4', 'MF8169/70']"
1405,"['CA1833/4', 'MF8169/70']"
1406,"['CA1833/4', 'HU7772']"
1407,"['CA1815/6', 'MF8169/70']"
1408,"['CA1815/6', 'MF8169/70']"
1409,"['CA1815/6', 'HU7772']"
1410,"['CA1813/4', 'MU2468']"
1411,"['CA1813/4', 'HU7080', 'HU7381']"
1412,"['CA1811/2', 'MU2468']"
1413,"['CA1759/60', '3U8805/6', 'MU2269']"
1414,"['CA1759/60', '3U8637', '3U8907']"
1415,"['CA1741/2', 'EU2235/6', 'CZ3819/20']"
1416,"['CA1741/2', 'CA4485/6', '3U8907']"
1417,"['CA1741/2', 'CA4477/8', '3U8907']"
1418,"['CA1741/2', 'CA1746']"
1419,"['CA1731/2', 'CZ6989/90', 'ZH9103/4']"
1420,"['CA1731/2', 'CZ3365/6']"
1421,"['CA1725/6', 'CZ3819/20']"
1422,"['CA1725/6', 'CZ3801/2']"
1423,"['CA1669/70', 'HU7097', 'CA1815/6', 'MF8169/70']"
1424,"['CA1669/70', 'HU7097', 'CA1815/6', 'MF8169/70']"
1425,"['CA1669/70', 'HU7097', 'CA1815/6', 'HU7772']"
1426,"['CA1669/70', 'HU7097', 'CA1811/2', 'MU2468']"
1427,"['CA1669/70', 'HU7097', 'CA1667/8', 'MU2311']"
1428,"['CA1669/70', 'HU7097', 'CA1435/6', 'CA4139/40']"
1429,"['CA1669/70', 'HU7097', 'CA1225', 'HU7338']"
1430,"['CA1669/70', 'HU7097', 'CA1221/2', 'HU7232']"
1431,"['CA1669/70', 'HU7097', 'CA1409/10', 'CA4139/40']"
1432,"['CA1669/70', 'HU7097', 'CA1263/4', 'SC1195/6']"
1433,"['CA1669/70', 'HU7297']"
1434,"['CA1667/8', 'MU2311']"
1435,"['CA1651/2', 'HU7048', 'MF8169/70']"
1436,"['CA1651/2', 'HU7048', 'MF8169/70']"
1437,"['CA1651/2', 'HU7048', 'HU7772']"
1438,"['CA1575/6', 'SC4659']"
1439,"['CA1573/4', 'MU5175/6']"
1440,"['CA1573/4', 'MU5261/2', 'CZ3155/6']"
1441,"['CA1571/2', 'SC4659']"
1442,"['CA1569/70', 'SC4659']"
1443,"['CA1569/70', 'SC4653/4', 'CZ3178', 'CZ3179/80']"
1444,"['CA1569/70', 'SC4653/4', 'CA1571/2', 'SC4659']"
1445,"['CA1567/8', 'MU2468']"
1446,"['CA1567/8', 'HU7890', 'MU2459']"
1447,"['CA1567/8', 'HU7080', 'HU7381']"
1448,"['CA1559/60', 'HU7722', 'HU7297']"
1449,"['CA1541/2', 'HU7297']"
1450,"['CA1535/6', 'SC4668']"
1451,"['CA1435/6', 'CA4139/40']"
1452,"['CA1429/30', 'CA4141/2', 'CA1667/8', 'MU2311']"
1453,"['CA1429/30', 'CA4139/40']"
1454,"['CA1375/6', 'CZ6283/4']"
1455,"['CA1375/6', 'CN7158']"
1456,"['CA1373/4', 'MF8147/8']"
1457,"['CA1373/4', 'MF8147/8']"
1458,"['CA1373/4', 'HU7136']"
1459,"['CA1273/4', 'ZH9978', 'MF8147/8']"
1460,"['CA1273/4', 'ZH9978', 'MF8147/8']"
1461,"['CA1273/4', 'ZH9978', 'HU7136']"
1462,"['CA1273/4', 'HU7232']"
1463,"['CA1271/2', 'HU7232']"
1464,"['CA1225', 'HU7338']"
1465,"['CA1223/4', 'HU7338']"
1466,"['CA1221/2', 'HU7232']"
1467,"['CA1219/20', 'SC1195/6']"
1468,"['CA1215/6', 'HU7846']"
1469,"['CA1213/4', 'SC1195/6']"
1470,"['CA1213/4', 'MU2487/8', 'HU7146']"
1471,"['CA1209/10', 'HU7860', 'MU2077/8']"
1472,"['CA1209/10', 'HU7855', 'HU7142']"
1473,"['CA1209/10', 'HU7338']"
1474,"['CA1209/10', 'FM9282/1', 'CA1667/8', 'MU2311']"
1475,"['CA1207/8', 'ZH9298', 'HU7860', 'MU2077/8']"
1476,"['CA1207/8', 'ZH9298', 'HU7338']"
1477,"['CA1207/8', 'MU2077/8']"
1478,"['CA1203/4', 'HU7860', 'MU2077/8']"
1479,"['CA1203/4', 'HU7855', 'HU7142']"
1480,"['CA1203/4', 'HU7338']"
1481,"['CA1203/4', 'HU7138', 'MU2112', 'HU7338']"
1482,"['CA1203/4', 'HU7138', 'HU7098', 'HU7297']"
1483,"['CA1203/4', 'HU7138', 'CA1815/6', 'MF8169/70']"
1484,"['CA1203/4', 'HU7138', 'CA1815/6', 'MF8169/70']"
1485,"['CA1203/4', 'HU7138', 'CA1815/6', 'HU7772']"
1486,"['CA1203/4', 'HU7138', 'CA1811/2', 'MU2468']"
1487,"['CA1203/4', 'HU7138', 'CA1667/8', 'MU2311']"
1488,"['CA1203/4', 'HU7138', 'CA1435/6', 'CA4139/40']"
1489,"['CA1203/4', 'HU7138', 'CA1225', 'HU7338']"
1490,"['CA1203/4', 'HU7138', 'CA1221/2', 'HU7232']"
1491,"['CA1203/4', 'HU7138', 'CA1201/2', 'HU7338']"
1492,"['CA1203/4', 'HU7138', 'CA1411/2', 'CA4139/40']"
1493,"['CA1203/4', 'HU7138', 'CA1409/10', 'CA4139/40']"
1494,"['CA1203/4', 'HU7138', 'CA1263/4', 'SC1195/6']"
1495,"['CA1203/4', 'FM9282/1', 'CA1667/8', 'MU2311']"
1496,"['CA1201/2', 'HU7338']"
1497,"['CA1111/2', 'ZH9854', 'MU2459']"
1498,"['CA1111/2', 'CA8239/40', 'MU2459']"
1499,"['CA1105/6', 'ZH9854', 'MU2459']"
1500,"['CA1105/6', 'CA8239/40', 'MU2459']"
1501,"['BK2883/4', 'MF8447/8', 'CZ3541/2']"
1502,"['BK2883/4', 'MF8447/8', 'CZ3541/2']"
1503,"['BK2858', 'ZH9223/4']"
1504,"['BK2857', 'ZH9221/2', 'HU7319', 'FM9069']"
1505,"['BK2857', 'FM9357', 'HU7202']"
1506,"['CA1511/2', 'CN7194']"
1507,"['CA1505/6', 'MF8483/4', 'MU2459']"
1508,"['CA1505/6', 'MF8483/4', 'MU2459']"
1509,"['CA1505/6', 'MF8347/8', 'HU7802']"
1510,"['CA1505/6', 'MF8347/8', 'HU7802']"
1511,"['CA1505/6', 'MF8235/6', 'MF8147/8']"
1512,"['CA1505/6', 'MF8235/6', 'MF8147/8']"
1513,"['CA1505/6', 'MF8235/6', 'HU7136']"
1514,"['CA1505/6', 'MF8235/6', 'MF8147/8']"
1515,"['CA1505/6', 'MF8235/6', 'MF8147/8']"
1516,"['CA1505/6', 'MF8235/6', 'HU7136']"
1517,"['CA1505/6', 'HU7894', 'CA4139/40']"
1518,"['CA1485/6', 'CZ6283/4']"
1519,"['CA1485/6', 'CN7158']"
1520,"['CA1475/6', 'MU2459']"
1521,"['CA1419/20', 'HU7152', 'CA1815/6', 'MF8169/70']"
1522,"['CA1419/20', 'HU7152', 'CA1815/6', 'MF8169/70']"
1523,"['CA1419/20', 'HU7152', 'CA1815/6', 'HU7772']"
1524,"['CA1419/20', 'HU7152', 'CA1667/8', 'MU2311']"
1525,"['CA1419/20', 'HU7152', 'CA1435/6', 'CA4139/40']"
1526,"['CA1419/20', 'HU7152', 'CA1221/2', 'HU7232']"
1527,"['CA1419/20', 'HU7152', 'CA1263/4', 'SC1195/6']"
1528,"['CA1419/20', 'CA4141/2', 'CA1667/8', 'MU2311']"
1529,"['CA1419/20', 'CA4139/40']"
1530,"['CA1411/2', 'CA4139/40']"
1531,"['CA1409/10', 'CA4139/40']"
1532,"['CA1349/50', 'MF8147/8']"
1533,"['CA1349/50', 'MF8147/8']"
1534,"['CA1349/50', 'HU7136']"
1535,"['CA1343/4', 'MF8147/8']"
1536,"['CA1343/4', 'MF8147/8']"
1537,"['CA1343/4', 'HU7136']"
1538,"['CA1337/8', 'CZ3153/4']"
1539,"['CA1335/6', 'CZ6283/4']"
1540,"['CA1335/6', 'CZ3757/8', 'MF8025/6', 'MU2311']"
1541,"['CA1335/6', 'CZ3757/8', 'MF8025/6', 'MU2311']"
1542,"['CA1335/6', 'CN7158']"
1543,"['CA1333/4', 'MU2459']"
1544,"['CA1333/4', 'CZ3137/8', 'CA1667/8', 'MU2311']"
1545,"['CA1333/4', 'CZ3137/8', 'CA1435/6', 'CA4139/40']"
1546,"['CA1333/4', 'CZ3137/8', 'CA1263/4', 'SC1195/6']"
1547,"['CA1317/8', 'CA1388']"
1548,"['CA1315/6', 'CZ3113/4']"
1549,"['CA1315/6', 'CZ3111/2']"
1550,"['CA1263/4', 'SC1195/6']"
1551,"['CA1261/2', 'MU2077/8']"
1552,"['9C8943/4', 'CZ3985/6', 'MU2887', 'CZ3589/90']"
1553,"['9C8897/8', 'OQ2331/2', 'CZ6753']"
1554,"['9C8850', 'MU5607']"
1555,"['9C8850', '9C8877/8']"
1556,"['9C8847/8', 'MU2353']"
1557,"['9C8842', 'MU5659']"
1558,"['9C8842', '9C8857']"
1559,"['9C8837/8', 'MU2274', 'MU5552']"
1560,"['9C8816', 'MU5669/70']"
1561,"['9C8816', '9C8863/4']"
1562,"['9C8816', '9C8837/8', 'MU5570', 'MU5669/70']"
1563,"['9C8816', '9C8837/8', 'MU5570', '9C8863/4']"
1564,"['9C8815', 'MU2810', 'MU2887', 'CZ3589/90']"
1565,"['9C8815', 'MU2274', 'MU5552']"
1566,"['9C8804', 'MU5669/70']"
1567,"['9C8804', '9C8863/4']"
1568,"['9C8803', 'MU2274', 'MU5552']"
1569,"['8Y9015', '8Y9002']"
1570,"['8L9995', '8L9996', 'MU5893', '8L9998']"
1571,"['8L9995', '8L9996', 'KY8035/6', 'MU5928']"
1572,"['8L9995', '8L9996', '8L9908/7', 'MU5928']"
1573,"['8L9983', 'CZ3657/8', 'MU5575/6', '8L9938']"
1574,"['8L9982', 'MU5745/6']"
1575,"['8L9955/6', 'MU5954']"
1576,"['8L9955/6', '8L9953/4', 'MU5928']"
1577,"['8L9932', 'MU5971/2']"
1578,"['8L9925/6', 'KY8070', 'KY8035/6', 'MU5928']"
1579,"['8L9925/6', 'KY8070', '8L9908/7', 'MU5928']"
1580,"['8L9908/7', 'MU5928']"
1581,"['8L9906/5', 'MU5928']"
1582,"['8L9906/5', '8L9965', 'MU5954']"
1583,"['3U8987/8', 'CZ3814', 'CZ3377/8']"
1584,"['3U8963/4', 'MU5411']"
1585,"['3U8959/60', 'MU5261/2', '3U8788']"
1586,"['3U8953/4', 'MU5394', '9C8931/2', 'MU5218']"
1587,"['3U8951/2', 'CZ3349/50']"
1588,"['3U8908', '3U8907']"
1589,"['3U8908', '3U8638', '3U8637', '3U8907']"
1590,"['3U8906', '3U8905']"
1591,"['3U8906', '3U8638', '3U8637', '3U8905']"
1592,"['3U8896', '3U8891/2']"
1593,"['3U8887/8', 'CA4120']"
1594,"['3U8885/6', 'CA4120']"
1595,"['3U8883/4', 'CA4120']"
1596,"['3U8881/2', 'CA4120']"
1597,"['3U8865/6', 'MU5453']"
1598,"['3U8865/6', 'MU5243/4', 'CZ6923/4']"
1599,"['3U8865/6', 'MU2395/6', 'CZ3467/8']"
1600,"['3U8860', 'CA4461/2', '3U8859', '3U8891/2']"
1601,"['3U8860', '3U8891/2']"
1602,"['3U8839/40', 'MU2887', '3U8788']"
1603,"['3U8839/40', 'MU2845']"
1604,"['3U8793/4', 'OQ2331/2', 'CZ6745/6']"
1605,"['3U8741/2', 'MU2808', 'MU2887', '3U8788']"
1606,"['3U8741/2', 'MU2808', 'MU2845']"
1607,"['3U8737/8', 'CZ3535/6', 'MU5187', 'CA4120']"
1608,"['3U8737/8', 'CZ3377/8']"
1609,"['3U8737/8', 'CZ3217/8', 'MU2343/4']"
1610,"['3U8737/8', 'CZ3211/2', 'MU2343/4']"
1611,"['3U8725', 'MU2507', 'MU5619']"
1612,"['3U8701/2', 'ZH9835/6', 'MU2343/4']"
1613,"['3U8687/8', 'CA4206', 'EU2713']"
1614,"['3U8687/8', 'CA4206', 'EU2235/6', 'CZ3215/6']"
1615,"['3U8687/8', 'CA4206', 'CA4527/8', 'JD5104']"
1616,"['3U8687/8', 'CA4206', 'CA4201/2']"
1617,"['3U8644', '3U8643']"
1618,"['3U8631', '3U8632']"
1619,"['3U8614', '3U8613']"
1620,"['3U8614', '3U8603']"
1621,"['3U8604', '3U8613']"
1622,"['3U8604', '3U8603']"
